编号,名称,类型,等级是否变动,最高等级,最低等级,防修,攻修,系数,伤害系数,法伤系数,气血系数,防御系数,法防系数,速度系数,主怪编号,主怪等级差,喽啰等级差,是否变动喽啰数,最大喽啰数,最小喽啰数,喽啰编号,喽啰规则,喽啰编号2,几率,
100002,宝图强盗,玩法,是,175,10,0,0,1,1,1,1,1,1,1,10010,0,0,否,1,1,,1,,,
100003,远古魔王,玩法,是,175,10,0,0,1,1,1,1,1,1,1,10011,0,0,否,2,2,10012|10012,2,,,
100004,封妖,玩法,是,100,30,0,0,1,1,1,1,1,1,1,10013,0,0,是,10,3,10014,1,10015,100,
100005,怪物幼儿园,玩法,是,100,100,0,0,1,1,1,1,1,1,1,10016,0,0,否,1,1,,1,,,
100006,科举闯关,玩法,是,175,10,0,0,1,1,1,1,1,1,1,10017,0,0,否,1,1,,1,,,
100008,捉鬼,玩法,是,100,10,0,1,0.7,1,1,1,1,1,1,10018|10019|10020|10021|10022,0,0,是,7,4,10023,1,10024,10,
100009,星宿,玩法,是,70,70,0,1,1,1,1,1,1,1,1,10025,0,0,否,5,5,,1,,,
100010,妖魔鬼怪,玩法,是,100,100,0,1,1,1,1,1,1,1,1,10026,0,0,是,10,3,10027,1,,,
100011,门派闯关,玩法,是,120,50,0,0,1,1,1,1,1,1,1,10028|10029|10030|10031|10032|10033|10034|10035|10036|10037|10038|10039|10040|10041|10042,0,0,是,10,3,10043|10044|10045|10046|10047|10048|10049|10050|10051|10052|10053|10054|10055|10056|10057,4,,,
100012,游泳水妖,玩法,是,50,50,0,0,1,1,1,1,1,1,1,10058,0,0,是,10,3,10058,1,,,
100013,官职流氓,玩法,是,175,30,0,0,1,1,1,1,1,1,1,10059,0,0,否,2,2,10060,1,,,
100014,官职巡逻,玩法,是,175,30,0,0,1,1,1,1,1,1,1,10061,0,0,否,2,2,10061,1,,,
100015,门派巡逻,玩法,是,175,10,0,0,1,1,1,1,1,1,1,10062,0,0,否,2,2,10063,1,,,
100016,门派示威,玩法,是,175,30,0,0,1,1,1,1,1,1,1,10064,0,0,否,2,2,10065,1,,,
100017,门派支援,玩法,是,175,30,0,0,1,1,1,1,1,1,1,10066,0,0,否,1,1,,1,,,
100018,门派乾坤袋,玩法,是,175,30,0,0,1,1,1,1,1,1,1,10067,0,0,否,1,1,,1,,,
100019,迷宫小怪,玩法,是,100,30,0,0,1,1,1,1,1,1,1,10068,0,0,是,10,3,10069,1,,,
100020,妖王,玩法,是,130,80,0,1,1,1,1,1,1,1,1,10070|10071|10072,0,0,是,10,6,10073|10074|10075,4,10076,100,
100021,江湖大盗,玩法,是,50,20,0,0,1,1,1,1,1,1,1,10077,0,0,否,5,5,10078|10079|10080|10081,1,,,
100022,皇宫飞贼,玩法,是,50,50,0,0,1,1,1,1,1,1,1,10082|10083|10084|10085,0,0,是,10,6,10086|10087|10088|10089,4,10090,100,
100023,皇宫贼王,玩法,是,130,30,0,0,1,1,1,1,1,1,1,10091,0,0,是,10,6,10092|10093|10094,2,,,
100024,四圣兽,活动,是,60,60,0,1,1,1,1,1,1,1,1,10003,0,0,是,10,3,10004,1,,,
100025,镖王,玩法,是,120,50,0,0,1,1,1,1,1,1,1,10095,0,0,是,10,3,10096,1,,,
100026,三界悬赏令,玩法,是,100,30,0,0,1,1,1,1,1,1,1,10097,0,0,是,10,3,10098,1,,,
100027,知了王,活动,是,175,30,0,0,1,1,1,1,1,1,1,10005,0,0,是,10,3,10006|10007,2,,,
100028,芭蕉妖怪,乌鸡副本副本,是,50,50,0,0,1,1,1,1,1,1,1,10099,0,0,是,10,3,10100,1,,,
100029,三妖信息,乌鸡副本副本,是,50,50,0,0,1,1,1,1,1,1,1,10101,0,0,是,10,3,10102|10103,2,,,
100030,鬼祟小怪,乌鸡副本副本,是,50,50,0,0,1,1,1,1,1,1,1,10104,0,0,是,5,3,10104,1,,,
100031,国王,乌鸡副本副本,是,70,70,0,0,1,1,1,1,1,1,1,10105,0,0,是,10,3,10106|10107,2,,,
100032,天庭叛逆,活动,是,130,60,0,1,1,1,1,1,1,1,1,10108,0,0,是,10,3,10109,1,,,
100033,捣乱的泡泡,活动,是,50,30,0,0,1,1,1,1,1,1,1,10001,0,0,是,10,3,10002,1,,,
100034,地煞星,1星地煞,是,60,60,6,6,1,1.2,1.2,1.5,1,1,1,10110,0,0,否,10,10,10111|10112|10113|10114|10115|10111|10112|10122|10118,3,,,
100035,地煞星,2星地煞,是,80,60,9,9,1,1.5,1.5,1.8,2,2,1.2,10110,0,0,否,10,10,10116|10122|10117|10112|10120|10121|10115|10112|10118,3,,,
100036,地煞星,3星地煞,是,100,60,11,11,1,1.8,1.8,2,3,3,1.5,10110,0,0,否,10,10,10125|10123|10129|10127|10127|10131|10132|10136|10137,3,,,
100037,地煞星,4星地煞,是,120,60,13,13,1,2.2,2.2,3,4,4,1.8,10110,0,0,否,10,10,10124|10126|10127|10129|10129|10131|10133|10136|10137,3,,,
100038,地煞星,5星地煞,是,140,60,15,15,1,2.8,2.8,4.5,5,5,2,10110,0,0,否,10,10,10125|10123|10128|10128|10128|10131|10132|10135|10137,3,,,
100039,地煞星,6星地煞,是,150,60,18,18,1,3.5,3.5,6,6,6,2.5,10110,0,0,否,10,10,10124|10124|10128|10128|10128|10131|10133|10134|10137,3,,,
100050,法宝怪物,玩法,是,60,60,0,0,1,1,1,1,1,1,1,10108,0,0,否,5,5,10098,1,,,
100051,法宝怪物,玩法,是,90,60,0,0,1,1,1,1,1,1,1,10108,0,0,否,5,5,10098,1,,,
100052,法宝怪物,玩法,是,110,60,0,0,1,1,1,1,1,1,1,10108,0,0,否,5,5,10098,1,,,
100053,法宝怪物,玩法,是,130,60,0,0,1,1,1,1,1,1,1,10108,0,0,否,5,5,10098,1,,,
100055,五行看护,水路大会副本,是,60,60,0,0,1,1,1,1,0.6,0.6,1,10142,0,0,是,10,6,10139,1,,,
100056,金吾卫,水路大会副本,是,60,60,0,0,1,1,1,1,0.6,0.6,1,10142,0,0,是,10,6,10140,1,,,
100057,阴兵,水路大会副本,是,60,60,0,0,0.8,1,1,1,0.6,0.6,1,10142,0,0,是,5,5,10141,1,,,
100058,薛举,水路大会副本,是,70,60,0,0,0.9,1,1,1,0.6,0.6,1,10142,0,0,是,10,6,10139,1,,,
100059,李建成,水路大会副本,是,70,60,0,0,1,1,1,1,0.6,0.6,1,10142,0,0,是,10,6,10139,1,,,
100060,金吾卫,水路大会副本,是,70,60,0,0,1.2,1,1,1,0.6,0.6,1,10108,0,0,是,10,6,10140,1,,,
100061,跨年,活动,是,70,60,0,0,1,1,1,1,1,1,1,10008,0,0,是,7,3,10009,1,,,
100063,神祗秋神,活动,否,140,140,0,1,1,1,1,1,1,1,1,10108,0,0,否,6,6,10111|10112|10113|10114|10115,3,,,
100064,神祗白泽,活动,否,140,140,0,1,1,1,1,1,1,1,1,10108,0,0,否,6,6,10111|10112|10113|10114|10115,3,,,
100065,神祗相柳,活动,否,140,140,0,1,1,1,1,1,1,1,1,10108,0,0,否,6,6,10111|10112|10113|10114|10115,3,,,
100066,第一劫,生死劫,否,160,160,0,1,1,1,1,1,1,1,1,10151,0,0,否,10,10,10152|10153|10154|10154|10155|10155|10155|10155,3,,,
100067,第二劫,生死劫,否,160,160,0,1,1,1,1,1,1,1,1,10156,0,0,否,10,10,10157|10158,2,,,
100068,第三劫,生死劫,否,160,160,0,1,1,1,1,1,1,1,1,10159,0,0,否,10,10,10160|10160|10160|10160|10161|10162|10163|10164|10165,3,,,
100069,第四劫,生死劫,否,160,160,0,1,1,1,1,1,1,1,1,10166,0,0,否,10,10,10167|10168|10169|10170|10171|10172|10173|10174|10175,3,,,
100070,第五劫,生死劫,否,160,160,0,1,1,1,1,1,1,1,1,10176,0,0,否,10,10,10177|10178|10178|10178|10178|10178|10178|10178|10178,3,,,
100071,第六劫,生死劫,否,160,160,0,1,1,1,1,1,1,1,1,10179,0,0,否,10,10,10180|10181|10182|10182|10182|10182|10182|10182|10182,3,,,
100072,第七劫,生死劫,否,160,160,0,1,1,1,1,1,1,1,1,10183,0,0,否,10,10,10184|10185|10186|10187|10188|10189|10190|10191|10192,3,,,
100073,第八劫,生死劫,否,160,160,0,1,1,1,1,1,1,1,1,10193,0,0,否,10,10,10194|10195|10196|10197|10198|10199|10200|10201|10202,3,,,
100074,第九劫,生死劫,否,160,160,0,1,1,1,1,1,1,1,1,10203,0,0,否,10,10,10203|10204|10205|10206|10207|10208|10208|10208|10208,3,,,
100075,天界叛逆,活动,是,160,60,0,1,1,1,1,1,1,1,1,10143,0,0,是,10,3,10209,1,,,
100076,烛龙,活动,否,160,160,1,1,1,1,1,1,1,1,1,10210,0,0,否,1,1,,1,,,
100077,蚩尤部下,活动,否,160,160,1,1,1,1,1,1,1,1,1,10144,0,0,是,10,10,10211,1,,,
100078,流光玉兔,国庆活动,是,100,50,0,0,1,1,1,1,1,1,1,10212,0,0,是,7,3,10228,1,10076,100,
100079,流光泡泡,国庆活动,是,100,50,0,0,1,1,1,1,1,1,1,10214,0,0,是,7,3,10214,1,10076,100,
100080,流光玉镜,国庆活动,是,100,50,0,0,1,1,1,1,1,1,1,10216,0,0,是,7,3,10230|10231,1,10076,100,
100081,流光巡游,国庆活动,是,100,50,0,0,1,1,1,1,1,1,1,10220,0,0,是,7,3,10231,1,10076,100,
100082,流光灵魅,国庆活动,是,100,50,0,0,1,1,1,1,1,1,1,10221,0,0,是,7,3,10232,1,10076,100,
100083,流光仙卫,国庆活动,是,100,50,0,0,1,1,1,1,1,1,1,10217,0,0,是,7,3,10232|10231,2,10076,100,
100084,流光仙师,国庆活动,是,100,50,0,0,1,1,1,1,1,1,1,10218,0,0,是,7,3,10233|10231,2,10076,100,
100085,流光逆光妖,国庆活动,是,100,50,0,0,1,1,1,1,1,1,1,10219,0,0,是,7,3,10218|10234,2,10076,100,
100086,流光灵仙,国庆活动,是,100,50,0,0,1,1,1,1,1,1,1,10220,0,0,是,7,3,10230|10219,2,10076,100,
100087,流光灵珠,国庆活动,是,100,50,0,0,1,1,1,1,1,1,1,10221,0,0,是,7,3,10230|10219,2,10220,100,
100088,流光月影,国庆活动,是,100,50,0,0,1,1,1,1,1,1,1,10222,0,0,是,7,3,10235|10220,2,10076,100,
100089,流光灵兽,国庆活动,是,100,50,0,0,1,1,1,1,1,1,1,10223,0,0,是,7,3,10222|10236|10237,3,10076,100,
100090,流光仙匪,国庆活动,是,100,50,0,0,1,1,1,1,1,1,1,10224,0,0,是,7,3,10238,1,10076,100,
100091,流光仙王,国庆活动,是,100,50,0,0,1,1,1,1,1,1,1,10225,0,0,是,7,3,10238,1,10076,100,
100092,流光夜幽莹,国庆活动,是,100,50,0,0,1,1,1,1,1,1,1,10226,0,0,是,7,3,10235|10231,3,10076,100,
100093,流光灵兽,国庆活动,是,100,50,0,0,1,1,1,1,1,1,1,10223,0,0,是,7,3,10236,1,10076,100,
100094,流光火鼠,国庆活动,是,100,50,0,0,1,1,1,1,1,1,1,10227,0,0,是,7,3,10239,1,10076,100,
100095,军阵疾如风,国庆活动,是,100,50,0,0,1,1,1,1,1,1,1,10240,0,0,是,7,3,10241|10242,2,,,
100096,军阵疾如风,国庆活动,是,100,50,0,0,1,1,1,1,1,1,1,10240,0,0,是,7,3,10241|10242,2,,,
100097,新春活动,活动,是,100,50,0,0,1,1,1,1,1,1,1,10243,0,0,是,10,3,10244|10245,2,,,
100098,新春活动,活动,是,100,50,0,0,1,1,1,1,1,1,1,10246,0,0,是,10,3,10247|10248,2,10249,100,
100099,新春活动,活动,是,100,50,0,0,1,1,1,1,1,1,1,10250,0,0,是,10,3,10251|10252,2,,,
100100,蚩尤邪魂,玩法,否,170,170,1,1,1,1,1,1,1,1,1,10253,0,0,否,10,10,10254|10255|10256|10257|10258|10259|10260|10261|10262,3,,,
100101,供品,车迟斗法,是,60,60,0,1,1,1,1,1,0.5,0.5,1,10263,0,0,是,6,3,10263|10264,2,,,
100102,三清,车迟斗法,是,70,60,0,1,1,1,1,1,0.7,0.7,1.2,10265,0,0,是,10,3,10266,1,,,
100103,雷公电母雨师,车迟斗法,是,80,60,0,1,1,1,1,1,0.7,0.7,1.2,10265,0,0,是,10,3,10267|10266,2,,,
100104,三力大仙,车迟斗法,是,100,60,0,1,1,1,1,1,0.7,0.7,1.2,10265,0,0,否,10,10,10268|10268|10268|10268|10269|10270|10271|10272|10273,3,,,
100105,五方鬼帝,自在天魔,否,170,170,0,1,1,1,1,1,1,1,1,10274,0,0,否,5,5,10275|10276|10277|10278,3,,,
100106,九灵元圣,自在天魔,否,170,170,0,1,1,1,1,1,1,1,1,10279,0,0,否,7,7,10280|10281|10282|10283|10284|10285,3,,,
100107,华岳圣母,自在天魔,否,170,170,0,1,1,1,1,1,1,1,1,10286,0,0,否,8,8,10287|10288|10289|10289|10289|10289|10289,3,,,
100108,南斗北斗,自在天魔,否,170,170,0,1,1,1,1,1,1,1,1,10290,0,0,否,2,2,10291,1,,,
100109,八部天龙,自在天魔,否,170,170,0,1,1,1,1,1,1,1,1,10292,0,0,否,10,10,10293,1,,,
1001091,八部天龙,自在天魔,否,170,170,0,1,1,1,1,1,1,1,1,10294,0,0,否,5,5,10294,1,,,
1001092,八部天龙,自在天魔,否,170,170,0,1,1,1,1,1,1,1,1,10295,0,0,否,9,9,10295|10296,2,,,
1001093,八部天龙,自在天魔,否,170,170,0,1,1,1,1,1,1,1,1,10297,0,0,否,5,5,10298|10299|10300|10301,3,,,
1001094,八部天龙,自在天魔,否,170,170,0,1,1,1,1,1,1,1,1,10302,0,0,否,9,9,10302,1,,,
1001095,八部天龙,自在天魔,否,170,170,0,1,1,1,1,1,1,1,1,10303,0,0,否,5,5,10303,1,,,
1001096,八部天龙,自在天魔,否,170,170,0,1,1,1,1,1,1,1,1,10304,0,0,否,9,9,10304|10305,3,,,
1001097,八部天龙,自在天魔,否,170,170,0,1,1,1,1,1,1,1,1,10306,0,0,否,5,5,10306|10307,3,,,
100110,无上天尊,自在天魔,否,170,170,0,1,1,1,1,1,1,1,1,10308,0,0,否,5,5,10309|10310|10311|10312,3,,,
100111,自在天魔,自在天魔,否,170,170,0,1,1,1,1,1,1,1,1,10313,0,0,否,8,8,10314|10315|10316|10317|10318|10319|10320,3,,,
1001111,自在天魔,自在天魔,否,170,170,0,1,1,1,1,1,1,1,1,10321,0,0,否,7,7,10321,1,,,
1001112,自在天魔,自在天魔,否,170,170,0,1,1,1,1,1,1,1,1,10322,0,0,否,7,7,10322|10323|10324|10325|10326|10327|10328,3,,,
1001113,自在天魔,自在天魔,否,170,170,0,1,1,1,1,1,1,1,1,10329,0,0,否,7,7,10329,1,,,
1001114,自在天魔,自在天魔,否,170,170,0,1,1,1,1,1,1,1,1,10330,0,0,否,7,7,10330,1,,,
1001115,自在天魔,自在天魔,否,170,170,0,1,1,1,1,1,1,1,1,10331,0,0,否,7,7,10331,1,,,
1001116,自在天魔,自在天魔,否,170,170,0,1,1,1,1,1,1,1,1,10332,0,0,否,7,7,10332,1,,,
1001117,自在天魔,自在天魔,否,170,170,0,1,1,1,1,1,1,1,1,10333,0,0,否,7,7,10333,1,,,
1001118,自在天魔,自在天魔,否,170,170,0,1,1,1,1,1,1,1,1,10334,0,0,否,7,7,10334,1,,,
100112,小小怪物,七绝山,是,60,60,0,1,1,1.3,1.5,0.8,0.7,0.7,1.2,10346,0,0,是,3,3,10347,1,,,
100113,蛇妖小兵,七绝山,是,60,60,0,1,1.5,1,1,1,1,1,1,10361,0,0,是,5,5,10360,1,,,
100114,千年柿树精,七绝山,是,70,60,0,1,1.5,1,1,1,1,1,1,10353,0,0,是,7,7,10354|10355|10356|10357|10358|10359,3,,,
100115,蛇妖分身,七绝山,是,70,60,0,1,1.5,1,1,1,1,1,1,10362,0,0,是,10,10,10363,1,,,
100116,红鳞蛇妖,七绝山,是,70,60,0,1,1.5,1,1,1,1,1,1,10364,0,0,是,3,3,10365|10366,3,,,
100117,山妖妖,七绝山,是,60,60,0,1,1.5,1,1,1,1,1,1,10349,0,0,是,5,5,10350|10351|10352,2,,,
100118,山怪怪,七绝山,是,60,60,0,1,1.6,1,1,1,1,1,1,10348,0,0,是,5,5,10350|10351|10352,2,,,
100119,劫匪头目,运镖任务,是,130,60,0,1,1,1,1,1,1,1,1,10368,0,0,是,5,5,10369,1,,,
100120,劫匪,运镖任务,是,130,60,0,1,1,1,1,1,1,1,1,10367,0,0,是,5,5,10367,1,,,
100121,妖魔鬼怪先锋,长安保卫战,是,130,60,0,1,1,1,1,1,1,1,1,10370,0,0,否,8,8,10371|10373|10374|10372|10385,1,,,
100122,妖魔鬼怪头目,长安保卫战,是,130,60,0,1,1,1,1,1,1,1,1,10375,0,0,否,8,8,10376|10377|10378|10385,1,,,
100123,妖魔鬼怪大王,长安保卫战,是,130,60,0,1,1,1,1,1,1,1,1,10379,0,0,否,8,8,10380|10381|10382|10383|10384|10385,1,,,
100124,魑,长安保卫战,是,130,60,0,1,1,1,1,1,1,1,1,10386,0,0,否,8,8,10387|10388|10389|10390|10391|10392|10393,3,,,
100125,魅,长安保卫战,是,130,60,0,1,1,1,1,1,1,1,1,10394,0,0,否,8,8,10395|10396|10397|10398|10399|10400|10401,3,,,
100126,魍,长安保卫战,是,130,60,0,1,1,1,1,1,1,1,1,10402,0,0,否,8,8,10403|10404|10405|10406|10407|10408|10409,3,,,
100127,魉,长安保卫战,是,130,60,0,1,1,1,1,1,1,1,1,10410,0,0,否,8,8,10411|10412|10413|10414|10415|10416|10417,3,,,
100128,鼍龙,长安保卫战,是,130,60,0,1,1,1,1,1,1,1,1,10418,0,0,否,10,10,10419|10420|10421|10422|10423|10424|10425|10426|10427|,3,,,
100129,兕怪,长安保卫战,是,130,60,0,1,1,1,1,1,1,1,1,10428,0,0,否,10,10,10429|10430|10431|10432|10433|10434|10435|10436|10437,3,,,
100130,振威大王,长安保卫战,是,130,60,0,1,1,1,1,1,1,1,1,10438,0,0,否,10,10,10439|10440|10441|10442|10443|10444|10445|10446|10447,3,,,
100131,小可爱,堆雪人,是,40,40,0,0,1,1,1,1,1,1,1,10448,0,0,是,10,3,10449,1,,,
100132,三千年蟠桃,蟠桃盛会,是,40,40,0,0,1,1,1,1,1,1,1,10451,0,0,否,5,5,10450|10451,2,,,
100133,六千年蟠桃,蟠桃盛会,是,60,60,0,0,1,1,1,1,1,1,1,10451,0,0,否,5,5,10450|10451,2,,,
100134,九千年蟠桃,蟠桃盛会,是,80,80,0,0,1,1,1,1,1,1,1,10451,0,0,否,5,5,10450|10451,2,,,
101000,鬼王,玩法,是,150,110,0,1,1,1,1,1,1,1,1,10335|10336|10337|10338|10339|10340|10341|10342|10343|10344,0,0,是,10,3,10345,1,,,
110000,野猪,桃源村剧情,否,0,0,0,0,1,1,1,1,1,1,1,20001,0,0,否,1,3,,1,,,
110001,狸,桃源村剧情,否,0,0,0,0,1,1,1,1,1,1,1,20002,0,0,否,1,3,,1,,,
110002,商人的鬼魂,商人的鬼魂,否,10,0,0,0,1,1,1,1,1,1,1,20003,0,0,是,10,3,20004,1,,,
110003,春三十娘,女娲神级,否,80,0,0,0,1,1,1,1,1,1,1,20005,0,0,是,10,3,20006,1,,,
110004,稷神,飞升剧情,否,100,0,0,0,1,1,1,1,1,1,1,20007,0,0,否,10,3,20007|20008,2,,,
110005,白鹿精,玄奘的身世,否,30,0,0,0,1,1,1,1,1,1,1,20009,0,0,是,10,3,20010,1,,,
110006,玉面狐狸,玄奘的身世,否,30,0,0,0,1,1,1,1,1,1,1,20011,0,0,是,10,3,20012,1,,,
110007,酒肉和尚,玄奘的身世,否,30,0,0,0,1,1,1,1,1,1,1,20013,0,0,是,10,3,20014,1,,,
110008,白琉璃,玄奘的身世,否,30,0,0,0,1,1,1,1,1,1,1,20015,0,0,是,10,3,20016,1,,,
110009,酒肉和尚,玄奘的身世,否,30,0,0,0,1,1,1,1,1,1,1,20017,0,0,是,10,3,20018,1,,,
110010,幽冥鬼,玄奘的身世,否,40,0,0,0,1,1,1,1,1,1,1,20019,0,0,是,10,3,20020|20021,1,,,
110011,衙门守卫,玄奘的身世,否,40,0,0,0,1,1,1,1,1,1,1,20022,0,0,是,10,3,20023,1,,,
110012,虾兵,玄奘的身世,否,40,0,0,0,1,1,1,1,1,1,1,20024,0,0,是,10,3,20025,1,,,
110013,山神,玄奘的身世,否,40,0,0,0,1,1,1,1,1,1,1,20026,0,0,是,10,3,20027|20028,1,,,
110014,蟹将军,玄奘的身世,否,40,0,0,0,1,1,1,1,1,1,1,20029,0,0,是,10,3,20030|20031,1,,,
110015,刘洪,玄奘的身世,否,40,0,0,0,1,1,1,1,1,1,1,20032,0,0,是,10,3,20033,1,,,
110016,李彪,玄奘的身世,否,40,0,0,0,1,1,1,1,1,1,1,20034,0,0,是,10,3,20035,1,,,
110017,李彪,玄奘的身世,否,40,0,0,0,1,1,1,1,1,1,1,20036,0,0,是,10,3,20037,1,,,
110018,天兵飞剑,大战心魔,否,50,0,0,0,1.4,1,1,1,1,1,1,20038,0,0,是,6,3,20039,1,,,
110019,卷帘大将,大战心魔,否,50,0,0,0,1.2,1,1,1,1,1,1,20040,0,0,是,6,3,20041,1,,,
110020,卷帘大将（心魔）,大战心魔,否,170,0,0,0,99,1,1,1,1,1,1,20042,0,0,是,10,3,20043,1,,,
110021,龙孙,大战心魔,否,50,0,0,0,1.4,1,1,1,1,1,1,20044,0,0,是,10,3,20045|20046|20047,1,,,
110022,小龙女,大战心魔,否,50,0,0,0,1.4,1,1,1,1,1,1,20048,0,0,是,10,3,20049|20050,1,,,
110023,撒豆成兵,大战心魔,否,50,0,0,0,1.4,1,1,1,1,1,1,20051,0,0,是,10,3,20052,1,,,
110024,守门天将,大战心魔,否,50,0,0,0,1.4,1,1,1,1,1,1,20053,0,0,是,10,3,20054,1,,,
110025,路人甲,大战心魔,否,50,0,0,0,1.4,1,1,1,1,1,1,20055,0,0,是,10,3,20056|20057|20058,1,,,
110026,卷帘大将（心魔）,大战心魔,否,50,0,0,0,1.4,1,1,1,1,1,1,20059,0,0,是,10,3,20060,1,,,
110027,小白龙,含冤小白龙,否,80,0,0,0,1,1,1,1,1,1,1,20061,0,0,是,10,3,20062,1,,,
110028,梦之魅,含冤小白龙,否,80,0,0,0,1,1,1,1,1,1,1,20063,0,0,是,10,3,20064|20065,1,,,
110029,血之魅,含冤小白龙,否,80,0,0,0,1,1,1,1,1,1,1,20066,0,0,是,10,3,20067,1,,,
110030,森之魅,含冤小白龙,否,80,0,0,0,1,1,1,1,1,1,1,20068,0,0,是,10,3,20070|20070,1,,,
110031,奔波儿灞,含冤小白龙,否,80,0,0,0,1,1,1,1,1,1,1,20071,0,0,是,10,3,20072,1,,,
110032,蟹将军,含冤小白龙,否,80,0,0,0,1,1,1,1,1,1,1,20073,0,0,是,10,3,20074|20075,1,,,
110033,虾将军,含冤小白龙,否,80,0,0,0,1,1,1,1,1,1,1,20076,0,0,是,10,3,20077|20078,1,,,
110034,天庭侍卫,含冤小白龙,否,80,0,0,0,1,1,1,1,1,1,1,20079,0,0,是,10,3,20080,1,,,
110035,万圣公主,含冤小白龙,否,80,0,0,0,1,1,1,1,1,1,1,20081,0,0,是,10,3,20082,1,,,
110036,牛妖亲兵,含冤小白龙,否,80,0,0,0,1,1,1,1,1,1,1,20083,0,0,是,10,3,20084,1,,,
110037,九头精怪,含冤小白龙,否,80,0,0,0,1,1,1,1,1,1,1,20085,0,0,是,10,3,20086|20087,2,,,
110038,天庭侍卫,含冤小白龙,否,80,0,0,0,1,1,1,1,1,1,1,20088,0,0,是,10,3,20089,1,,,
110039,康太尉,八戒悟空,否,90,0,0,0,1,1,1,1,1,1,1,20104,0,0,是,10,3,20105,1,,,
110040,家丁,八戒悟空,否,90,0,0,0,1,1,1,1,1,1,1,20106,0,0,是,10,3,20107,1,,,
110041,冤魂,八戒悟空,否,90,0,0,0,1,1,1,1,1,1,1,20108,0,0,是,10,3,20109,1,,,
110042,哮天犬,八戒悟空,否,90,0,0,0,1,1,1,1,1,1,1,20110,0,0,是,10,3,20111,1,,,
110043,龙神,八戒悟空,否,90,0,0,0,1,1,1,1,1,1,1,20112,0,0,是,10,3,20113,1,,,
110044,吊死鬼,八戒悟空,否,90,0,0,0,1,1,1,1,1,1,1,20114,0,0,是,10,3,20115,1,,,
110045,青灵玄女,八戒悟空,否,90,0,0,0,1,1,1,1,1,1,1,20116,0,0,是,10,3,20117,1,,,
110046,牛妖,飞升剧情,否,129,0,0,0,1,1,1,1,1,1,1,20118,0,0,是,10,3,20119,1,,,
110047,黑熊精,飞升剧情,否,129,0,0,0,1,1,1,1,1,1,1,20120,0,0,是,5,2,20120,1,,,
110048,横行霸道的山贼,飞升剧情,否,129,0,0,0,1,1,1,1,1,1,1,20121,0,0,是,5,2,20121,1,,,
110049,鬼将,飞升剧情,否,129,0,0,0,1,1,1,1,1,1,1,20122,0,0,是,5,2,20122,1,,,
120000,三足金乌,化圣,否,170,0,0,1,1,1,1,1,1,1,1,20120,0,0,是,10,3,20090,1,,,
120001,三足金乌,化圣,否,170,0,0,1,1,1,1,1,1,1,1,20090,0,0,是,10,3,20091|20092,2,,,
120002,三足金乌,化圣,否,170,0,0,1,1,1,1,1,1,1,1,20090,0,0,是,10,3,20091|20093,2,,,
120003,三足金乌,化圣,否,170,0,0,1,1,1,1,1,1,1,1,20090,0,0,是,10,3,20091,1,,,
120004,三足金乌,化圣,否,170,0,0,1,1,1,1,1,1,1,1,20090,0,0,是,10,3,20094,1,,,
120005,三足金乌,化圣,否,170,0,0,1,1,1,1,1,1,1,1,20090,0,0,是,10,3,20095,1,,,
120006,三足金乌,化圣,否,170,0,0,1,1,1,1,1,1,1,1,20090,0,0,否,1,1,,,,,
120007,三足金乌,化圣,否,170,0,0,1,1,1,1,1,1,1,1,20090,0,0,是,10,3,20096|20097|20098|20099|20100|20101|20102,3,,,
120008,三足金乌,化圣,否,170,0,0,1,1,1,1,1,1,1,1,20103,0,0,是,10,3,20103,1,,,
200000,伤害测试,伤害测试,否,0,0,0,0,0,1,1,1,1,1,1,200000,0,0,否,10,10,200000,1,,,
155556,蜘蛛,红孩儿,是,60,60,0,1,1,1,1,1,0.8,0.8,1,15556,0,0,是,8,8,15557|15558|15559,1,,,
155557,五行车,红孩儿,是,60,60,0,1,1,1,1,1,0.8,0.8,1,15560,0,0,是,10,10,15561|15561|15561|15561|15562|15561|15561|15562|15562,2,,,
155558,观音姐姐,红孩儿,是,70,60,0,1,1,1,1,1,0.8,0.8,1,15563,0,0,是,10,10,15564|15564|15564|15564|15565|15566|15567|15568|15569,2,,,
155565,红孩儿,红孩儿,是,60,60,0,1,1,1,1,1,0.8,0.8,1,15570,0,0,是,1,1,,,,,
155566,红孩儿,红孩儿,是,60,60,0,1,1,1,1,1,0.8,0.8,1,15571,0,0,是,2,2,15570,2,,,
155567,红孩儿,红孩儿,是,60,60,0,1,1,1,1,1,0.8,0.8,1,15572,0,0,是,3,3,15570|15571,2,,,
155568,红孩儿,红孩儿,是,60,60,0,1,1,1,1,1,0.8,0.8,1,15573,0,0,是,4,4,15570|15571|15572,2,,,
155569,红孩儿,红孩儿,是,60,60,0,1,1,1,1,1,0.8,0.8,1,15574,0,0,是,5,5,15570|15571|15572|15573,2,,,
155570,红孩儿,红孩儿,是,60,60,0,1,1,1,1,1,0.8,0.8,1,15575,0,0,是,6,6,15570|15571|15572|15573|15574,2,,,
155571,红孩儿,红孩儿,是,70,60,0,1,1,1,1,1,0.8,0.8,1,15576,0,0,是,10,10,15564|15564|15564|15564|15565|15566|15567|15568|15569,2,,,
155572,黑风山巡逻,黑风山,是,60,60,0,1,1,1,1,1,0.8,0.8,1,15577,0,0,是,2,2,15577,2,,,
155573,绝望的牛头,黑风山,是,60,60,0,1,1,1,1,1,0.8,0.8,1,15578,0,0,是,2,2,15578,2,,,
155574,黑风山恶虎,黑风山,是,70,60,0,1,1,1,1,1,0.8,0.8,1,15579,0,0,是,10,10,15580|15580|15580|15580|15580|15580|15580|15580|15580,2,,,
155575,黑风山熊精,黑风山,是,70,60,0,1,1,1,1,1,0.8,0.8,1,15581,0,0,是,10,10,15582|15582|15582|15582|15582|15582|15582|15582|15582,2,,,
155576,熊熊烈火,黑风山,是,60,60,0,1,1,1,1,1,0.8,0.8,1,15583,0,0,是,10,10,15584|15585|15586|15586|15586|15586|15586|15586|15586,2,,,
155577,黑风山三妖,黑风山,是,70,60,0,1,1,1,1,1,0.8,0.8,1,15587,0,0,是,3,3,15588|15589|,2,,,
155578,黑风山巡山精怪,黑风山,是,60,60,0,1,1,1,1,1,0.8,0.8,1,15590,0,0,是,8,8,15591|15591|15591|15591|15591|15591|15591,2,,,
155579,黑风山黑熊精,黑风山,是,80,60,0,1,1,1,1,1,0.8,0.8,1,15591,0,0,是,8,8,15592|15592|15592|15592|15592|15592|15592,2,,,
155580,大闹浇水,大闹天宫,是,80,60,0,1,1,1,1,1,0.8,0.8,1,15593,0,0,是,2,2,15593|,2,,,
155581,大闹除虫,大闹天宫,是,80,60,0,1,1,1,1,1,0.8,0.8,1,15594,0,0,是,2,2,15594|,2,,,
155582,大闹七仙女,大闹天宫,是,90,60,0,1,1,1,1,1,0.8,0.8,1,15595,0,0,是,7,7,15596|15597|15598|15599|15600|15601,2,,,
155583,大闹造酒仙官,大闹天宫,是,90,60,0,1,1,1,1,1,0.8,0.8,1,15602,0,0,是,10,10,15603|15603|15603|15603|15603|15603|15603|15603|15603,2,,,
155584,大闹运水道人,大闹天宫,是,90,60,0,1,1,1,1,1,0.8,0.8,1,15604,0,0,是,10,10,15605|15605|15605|15605|15605|15605|15605|15605|15605,2,,,
155585,大闹烧火童子,大闹天宫,是,90,60,0,1,1,1,1,1,0.8,0.8,1,15606,0,0,是,10,10,15606|15606|15606|15606|15606|15606|15606|15606|15606,2,,,
155586,大闹盘槽力士,大闹天宫,是,90,60,0,1,1,1,1,1,0.8,0.8,1,15607,0,0,是,8,8,15608|15608|15608|15608|15608|15608|15608,2,,,
155587,大闹天兵天将,大闹天宫,是,90,60,0,1,1,1,1,1,0.8,0.8,1,15609,0,0,是,8,8,15610|15610|15610|15610|15610|15610|15610,2,,,
155588,大闹二郎神,大闹天宫,是,90,60,0,1,1,1,1,1,0.8,0.8,1,15611,0,0,是,8,8,15612|15613|15613|15613|15613|15613|15613,2,,,
155589,大闹雷神,大闹天宫,是,90,60,0,1,1,1,1,1,0.8,0.8,1,15614,0,0,是,10,10,15615|15615|15616|15616|15616|15617|15617|15617|15617,2,,,
155590,白无常,齐天大圣,是,70,60,0,1,1,1,1,1,0.8,0.8,1,15618,0,0,是,8,8,15619|15619|15620|15620|15621|15622|15622,2,,,
155591,黑无常,齐天大圣,是,70,60,0,1,1,1,1,1,0.8,0.8,1,15623,0,0,是,8,8,15619|15619|15620|15620|15621|15622|15622,2,,,
155592,阎王,齐天大圣,是,70,60,0,1,1,1,1,1,0.8,0.8,1,15624,0,0,是,8,8,15618|15623|15620|15620|15621|15622|15622,2,,,
155593,天王,齐天大圣,是,70,60,0,1,1,1,1,1,0.8,0.8,1,15625,0,0,是,8,8,15619|15626|15620|15620|15621|15627|15627,2,,,
155594,盗马贼,齐天大圣,是,70,60,0,1,1,1,1,1,0.8,0.8,1,15628,0,0,是,5,5,15629|15629|15629|15629,2,,,
155595,百万天兵,齐天大圣,是,70,60,0,1,1,1,1,1,0.8,0.8,1,15630,0,0,是,10,10,15619|15626|15620|15631|15621|15632|15627|15627|15627,2,,,
155596,巨灵神,齐天大圣,是,80,60,0,1,1,1,1,1,0.8,0.8,1,15633,0,0,是,10,10,15619|15626|15620|15631|15621|15632|15627|15627|15627,2,,,
155597,镇塔之神,齐天大圣,是,80,60,0,1,1,1,1,1,0.8,0.8,1,15634,0,0,是,10,10,15619|15626|15620|15631|15621|15632|15635|15627|15627,2,,,
155598,展示实力,齐天大圣,是,90,60,0,1,1,1,1,1,0.8,0.8,1,15625,0,0,是,8,8,15619|15626|15620|15620|15621|15627|15627,2,,,
155599,鬼魂,天火之殇上,是,70,60,0,1,1,1,1,1,0.8,0.8,1,15636,0,0,是,8,8,15637|15638|15638|15639|15639|15640|15641,2,,,
155600,魑魅,天火之殇上,是,70,60,0,1,1,1,1,1,0.8,0.8,1,15642,0,0,是,8,8,15643|15643|15644|15644|15645|15646|15647,2,,,
155601,鬼魂士兵,天火之殇上,是,80,60,0,1,1,1,1,1,0.8,0.8,1,15648,0,0,是,4,4,15649|15650|15651,2,,,
155602,巡逻鬼,天火之殇上,是,80,60,0,1,1,1,1,1,0.8,0.8,1,15652,0,0,是,8,8,15652|15652|15652|15652|15652|15652|15652,2,,,
155603,鬼魂头目,天火之殇上,是,80,60,0,1,1,1,1,1,0.8,0.8,1,15653,0,0,是,3,3,15654|15655,2,,,
155604,韩擒虎鬼魂,天火之殇上,是,80,60,0,1,1,1,1,1,0.8,0.8,1,15656,0,0,是,7,7,15657|15658|15658|15645|15645|15646,2,,,
155605,刘武周幻影,天火之殇上,是,80,60,0,1,1,1,1,1,0.8,0.8,1,15659,0,0,是,10,10,15660|15660|15661|15661|15661|15662|15662|15663|15664,2,,,
155606,鬼魂护卫,天火之殇上,是,90,60,0,1,1,1,1,1,0.8,0.8,1,15665,0,0,是,9,9,15666|15666|15667|15667|15667|15667|15667|15667,2,,,
155607,隋炀帝鬼魂,天火之殇上,是,90,60,0,1,1,1,1,1,0.8,0.8,1,15668,0,0,是,10,10,15669|15669|15670|15670|15662|15662|15671|15671|15672,2,,,
155609,强盗喽啰,无底洞,是,60,60,0,1,1,1,1,1,0.8,0.8,1,15673,0,0,是,2,2,15674,2,,,
155610,强盗大头领,无底洞,是,60,60,0,1,1,1,1,1,0.8,0.8,1,15675,0,0,是,6,6,15676|15677|15674|15674|15678,2,,,
155611,强盗二头领,无底洞,是,60,60,0,1,1,1,1,1,0.8,0.8,1,15679,0,0,是,6,6,15676|15677|15674|15674|15678,2,,,
155612,可疑少女,无底洞,是,70,60,0,1,1,1,1,1,0.8,0.8,1,15680,0,0,是,8,8,15681|15682|15681|15682|15678|15674|15674,2,,,
155613,猪八戒,无底洞,是,80,60,0,1,1,1,1,1,0.8,0.8,1,15683,0,0,是,10,10,15684|15684|15685|15685|15686|15684|15684|15685|15685,2,,,
155614,镇守的妖精,无底洞,是,70,60,0,1,1,1,1,1,0.8,0.8,1,15687,0,0,是,8,8,15688|15688|15689|15690|15688|15688|15688,2,,,
155616,鱼肚怪,无底洞,是,80,60,0,1,1,1,1,1,0.8,0.8,1,15691,0,0,是,8,8,15692|15692|15693|15693|15678|15694|15694,2,,,
155617,宝箱怪,无底洞,是,90,60,0,1,1,1,1,1,0.8,0.8,1,15695,0,0,是,10,10,15692|15692|15693|15693|15678|15694|15694|15692|15693,2,,,
155618,守门妖将,无底洞,是,90,60,0,1,1,1,1,1,0.8,0.8,1,15687,0,0,是,8,8,15692|15692|15693|15693|15678|15694|15694,2,,,
155619,秘境降妖一层,秘境降妖,是,60,60,0,1,1,1,1,1,0.8,0.8,1,15696,0,0,是,10,10,15697|15698|15699|15699|15700|15700|15700|15701|15701,2,,,
155620,秘境降妖二层,秘境降妖,是,60,60,0,1,1,1,1,1,0.8,0.8,1,15702,0,0,是,10,10,15703|15704|15705|15705|15706|15706|15706|15707|15708,2,,,
155621,秘境降妖三层,秘境降妖,是,70,60,0,1,1,1,1,1,0.8,0.8,1,15709,0,0,是,10,10,15710|15710|15711|15711|15712|15713|15714|15712|15713,2,,,
155622,秘境降妖四层,秘境降妖,是,70,60,0,1,1,1,1,1,0.8,0.8,1,15715,0,0,是,10,10,15716|15717|15717|15718|15719|15720|15718|15719|15720,2,,,
155623,秘境降妖五层,秘境降妖,是,70,60,0,1,1,1,1,1,0.8,0.8,1,15721,0,0,是,10,10,15722|15723|15724|15724|15723|15725|15725|15725|15723,2,,,
155624,秘境降妖六层,秘境降妖,是,80,60,0,1,1,1,1,1,0.8,0.8,1,15726,0,0,是,10,10,15727|15727|15728|15728|15729|15729|15729|15729|15729,2,,,
155625,秘境降妖七层,秘境降妖,是,80,60,0,1,1,1,1,1,0.8,0.8,1,15730,0,0,是,10,10,15731|15732|15733|15732|15734|15734|15734|15734|15734,2,,,
155626,秘境降妖八层,秘境降妖,是,90,60,0,1,1,1,1,1,0.8,0.8,1,15735,0,0,是,10,10,15736|15736|15737|15737|15738|15738|15738|15738|15738,2,,,
155627,秘境降妖九层,秘境降妖,是,90,60,0,1,1,1,1,1,0.8,0.8,1,15739,0,0,是,10,10,15740|15740|15740|15740|15741|15741|15741|15741|15741,2,,,
155628,秘境降妖十层,秘境降妖,是,90,60,0,1,1,1,1,1,0.8,0.8,1,15742,0,0,是,10,10,15743|15744|15745|15746|15747|15747|15747|15747|15747,2,,,
155629,秘境降妖特殊一,秘境降妖,是,60,60,0,1,1,1,1,1,0.8,0.8,1,15748,0,0,是,7,5,15748,1,,,
155630,秘境降妖特殊二,秘境降妖,是,60,60,0,1,1,1,1,1,0.8,0.8,1,15749,0,0,是,8,7,15749,1,,,
120010,天暗星·李新,天罡星4星,是,150,70,18,18,1,3.5,3.5,5,6,6,2.5,20138,0,0,否,10,10,20180|20180|20181|20181|20179|20178|20178|20179|20179,3,,,
120011,天平星·卜瞳,天罡星3星,是,140,70,15,15,1,2.8,2.8,4,5,5,2,20139,0,0,否,7,7,20182|20182|20183|20183|20185|20185,3,,,
120012,天机星·卢昌,天罡星5星,是,160,70,23,23,1,4,4,6,7,7,3,20140,0,0,否,10,10,20188|20188|20189|20189|20187|20186|20187|20186|20187,3,,,
120013,天英星·朱义,天罡星3星,是,140,70,15,15,1,2.8,2.8,4,5,5,2,20141,0,0,否,10,10,20192|20192|20193|20193|20191|20190|20190|20191|20191,3,,,
120014,天雄星·施桧,天罡星4星,是,150,70,18,18,1,3.5,3.5,5,6,6,2.5,20142,0,0,否,10,10,20196|20196|20197|20197|20195|20194|20194|20195|20195,3,,,
120015,天孤星·詹秀,天罡星3星,是,140,70,15,15,1,2.8,2.8,4,5,5,2,20143,0,0,否,10,10,20198|20198|20199|20199|20200|20198|20201|20201|20198,3,,,
120016,天暴星·毕德,天罡星3星,是,140,70,15,15,1,2.8,2.8,4,5,5,2,20144,0,0,否,10,10,20203|20203|20202|20202|20203|20204|20205|20205|20204,3,,,
120017,天富星·黎仙,天罡星3星,是,140,70,15,15,1,2.8,2.8,4,5,5,2,20145,0,0,否,1,1,,,,,
120018,天巧星·程三益,天罡星4星,是,150,70,18,18,1,3.5,3.5,5,6,6,2.5,20146,0,0,否,10,10,20146|20146|20146|20146|20210|20211|20211|20210|20210,3,,,
120019,天空星·典瞳,天罡星,是,100,70,11,11,1,1.8,1.8,2,3,3,1.5,20147,0,0,否,5,5,20214|20215|20216|20217,3,,,
120020,天满星·方褒,天罡星,是,120,70,13,13,1,2.2,2.2,3,4,4,1.8,20148,0,0,否,10,10,20218|20219|20219|20219|20221|20220|20220|20221|20221,3,,,
120021,天佑星·徐正道,天罡星,是,100,70,11,11,1,1.8,1.8,2,3,3,1.5,20149,0,0,否,10,10,20222|20222|20223|20223|20224|20223|20225|20225|20223,3,,,
120022,天微星·龚清,天罡星,是,100,70,11,11,1,1.8,1.8,2,3,3,1.5,20150,0,0,否,10,10,20226|20226|20227|20227|20229|20228|20228|20229|20229,3,,,
120023,天究星·单招,天罡星,是,120,70,13,13,1,2.2,2.2,3,4,4,1.8,20151,0,0,否,10,10,20230|20230|20231|20231|20232|20233|20233|20232|20232,3,,,
120024,天伤星·李红玉,天罡星,是,120,70,13,13,1,2.2,2.2,3,4,4,1.8,20152,0,0,否,10,10,20234|20234|20235|20235|20237|20237|20237|20236|20236,3,,,
120025,天败星·申礼,天罡星,是,120,70,13,13,1,2.2,2.2,3,4,4,1.8,20153,0,0,否,10,10,20238|20239|20240|20241|20238|20238|20239|20240|20241,3,,,
120026,天寿星·戚成,天罡星,是,140,70,15,15,1,2.8,2.8,5,5,5,2,20154,0,0,否,10,10,20242|20243|20244|20245|20250|20246|20247|20248|20249,3,,,
120027,天勇星·姚公孝,天罡星,是,150,70,18,18,1,3.5,3.5,6,6,6,2.5,20155,0,0,否,10,10,20251|20251|20252|20252|20253|20254|20254|20253|20253,3,,,
120028,天罪星·姚公,天罡星,是,140,70,15,15,1,2.8,2.8,5,5,5,2,20156,0,0,否,10,10,20255|20255|20255|20255|20255|20255|20255|20255|20255,3,,,
120029,天剑星·王虎,天罡星,是,150,70,18,18,1,3.5,3.5,5,6,6,2.5,20157,0,0,否,1,1,,3,,,
120030,天立星·王龙茂,天罡星,是,120,70,13,13,1,2.2,2.2,3,4,4,1.8,20158,0,0,否,10,10,20158|20158|20264|20264|20265|20263|20263|20266|20266,3,,,
120031,天速星·吴旭,天罡星,是,120,70,13,13,1,2.2,2.2,3,4,4,1.8,20159,0,0,否,10,10,20267|20267|20268|20268|20270|20269|20269|20270|20270,3,,,
120032,天慧星·张智雄,天罡星,是,120,70,13,13,1,2.2,2.2,3,4,4,1.8,20160,0,0,否,10,10,20271|20272|20273|20274|20275|20275|20275|20275|20275,3,,,
120033,天损星·唐天正,天罡星,是,140,70,15,15,1,2.8,2.8,5,5,5,2,20161,0,0,否,10,10,20277|20277|20277|20277|20276|20278|20279|20276|20276,3,,,
120034,天闲星·纪冰,天罡星,是,140,70,15,15,1,2.8,2.8,5,5,5,2,20162,0,0,否,10,10,20281|20281|20280|20280|20282|20283|20283|20282|20282,3,,,
120035,天退星·高可,天罡星,是,160,70,23,23,1,4,4,7,7,7,3,20163,0,0,否,10,10,20287|20286|20287|20287|20285|20284|20285|20284|20284,3,,,
120036,天哭星·刘达,天罡星,是,140,70,15,15,1,2.8,2.8,5,5,5,2,20164,0,0,否,6,6,20292|20289|20290|20291|20288,3,,,
120037,天牢星·闻杰,天罡星,是,100,70,11,11,1,1.8,1.8,2,3,3,1.5,20165,0,0,否,10,10,20296|20296|20295|20295|20293|20294|20294|20295|20295,3,,,
120038,天杀星·任来聘,天罡星,是,120,70,13,13,1,2.2,2.2,3,4,4,1.8,20166,0,0,否,10,10,20297|20297|20298|20298|20297|20298|20300|20300|20299,3,,,
120039,天猛星·孙乙,天罡星,是,120,70,13,13,1,2.2,2.2,3,4,4,1.8,20167,0,0,否,10,10,20302|20302|20304|20304|20301|20303|20303|20301|20301,3,,,
120040,天异星·吕自成,天罡星,是,120,70,13,13,1,2.2,2.2,3,4,4,1.8,20168,0,0,否,10,10,20306|20306|20308|20308|20305|20307|20307|20305|20305,3,,,
120041,天威星·李豹,天罡星,是,140,70,15,15,1,2.8,2.8,5,5,5,2,20169,0,0,否,10,10,20312|20312|20309|20309|20311|20309|20310|20310|20309,3,,,
120042,天魁星·高衍,天罡星,是,140,70,15,15,1,2.8,2.8,5,5,5,2,20170,0,0,否,10,10,20315|20315|20316|20316|20314|20313|20313|20314|20314,3,,,
120043,天贵星·陈坎,天罡星,是,140,70,15,15,1,2.8,2.8,5,5,5,2,20171,0,0,否,5,5,20329|20330|20331|20250,3,,,
120044,天捷星·邓玉,天罡星,是,150,70,18,18,1,3.5,3.5,6,6,6,2.5,20172,0,0,否,5,5,20321|20322|20323|20324,3,,,
120045,心魔·黄真,天罡星,是,170,70,25,25,1,5,5,8,8,8,5,20173,0,0,否,5,5,20325|20326|20327|20328,3,,,
100136,公共世界BOOS,公共世界BOOS,否,170,170,25,25,1,1,1,10,1,1,1,35050,0,0,否,1,1,,1,1,,3
120046,魔丸,魔丸,是,70,60,0,1,1,1,1,1,0.8,0.8,1,15576,0,0,是,10,10,15564|15564|15564|15564|15565|15566|15567|15568|15569,2,,,
120047,红丸,红丸,是,70,60,0,1,1,1,1,1,0.8,0.8,1,15576,0,0,是,10,10,15564|15564|15564|15564|15565|15566|15567|15568|15569,2,,,
160001,夏日炎炎,自写活动,是,175,69,0,1,1,1,1,1,0.8,0.8,1,20239,0,0,是,10,3,20239,3,,,
160002,魂殿使者,自写活动,是,175,69,0,1,1,1,1,1,0.8,0.8,1,20240,0,0,是,10,3,20241,3,,,
160003,魂殿殿主,自写活动,是,175,69,0,1,1,1,1,1,0.8,0.8,1,20242,0,0,是,10,3,20243,3,,,
130191,传说的知了王,知了,是,175,69,0,1,1,1,1,1,0.8,0.8,1,20656,0,0,是,10,3,20657,3,,,
130041,子鼠,天降辰星,是,175,69,0,1,1,1,1,1,0.8,0.8,1,20700,0,0,是,10,3,20701,3,,,
130042,丑牛,天降辰星,是,175,69,0,1,1,1,1,1,0.8,0.8,1,20702,0,0,是,10,3,20703,3,,,
130043,寅虎,天降辰星,是,175,69,0,1,1,1,1,1,0.8,0.8,1,20704,0,0,是,10,3,20705,3,,,
130044,卯兔,天降辰星,是,175,69,0,1,1,1,1,1,0.8,0.8,1,20706,0,0,是,10,3,20707,3,,,
130045,辰龙,天降辰星,是,175,69,0,1,1,1,1,1,0.8,0.8,1,20708,0,0,是,10,3,20709,3,,,
130046,巳蛇,天降辰星,是,175,69,0,1,1,1,1,1,0.8,0.8,1,20710,0,0,是,10,3,20711,3,,,
130047,午马,天降辰星,是,175,69,0,1,1,1,1,1,0.8,0.8,1,20712,0,0,是,10,3,20713,3,,,
130048,未羊,天降辰星,是,175,69,0,1,1,1,1,1,0.8,0.8,1,20714,0,0,是,10,3,20715,3,,,
130049,申猴,天降辰星,是,175,69,0,1,1,1,1,1,0.8,0.8,1,20716,0,0,是,10,3,20717,3,,,
130050,酉鸡,天降辰星,是,175,69,0,1,1,1,1,1,0.8,0.8,1,20718,0,0,是,10,3,20719,3,,,
130051,戌犬,天降辰星,是,175,69,0,1,1,1,1,1,0.8,0.8,1,20720,0,0,是,10,3,20721,3,,,
130052,亥猪,天降辰星,是,175,69,0,1,1,1,1,1,0.8,0.8,1,20722,0,0,是,10,3,20723,3,,,
111120,勾魂幽灵,降妖伏魔,是,175,69,0,1,1,1,1,1,0.8,0.8,1,20724,0,0,是,10,3,20725,3,,,
111121,机械游魂,降妖伏魔,是,175,69,0,1,1,1,1,1,0.8,0.8,1,20726,0,0,是,10,3,20727,3,,,
111122,夜叉,降妖伏魔,是,175,69,0,1,1,1,1,1,0.8,0.8,1,20728,0,0,是,10,3,20729,3,,,
111123,千年魔灵,降妖伏魔,是,175,69,0,1,1,1,1,1,0.8,0.8,1,20730,0,0,是,10,3,20731,3,,,
111124,万年魔灵,降妖伏魔,是,175,69,0,1,1,1,1,1,0.8,0.8,1,20732,0,0,是,10,3,20733,3,,,
130188,地狱鬼王,投放怪,是,175,69,0,1,1,1,1,1,0.8,0.8,1,20127,0,0,是,10,3,20128,3,,,
130183,捣乱的年兽,投放怪,是,175,69,0,1,1,1,1,1,0.8,0.8,1,20129,0,0,是,10,3,20130,3,,,
160004,知了先锋,自写活动,是,175,69,0,1,1,1,1,1,0.8,0.8,1,20501,0,0,是,10,3,20502|20503|20504|20505,3,,,
160005,知了小王,自写活动,是,175,69,0,1,1,1,1,1,0.8,0.8,1,20506,0,0,是,10,3,20507|20508|20509,3,,,
160006,知了大王,自写活动,是,175,69,0,1,1,1,1,1,0.8,0.8,1,20510,0,0,是,10,3,20511|20512,3,,,
160007,知了统领,自写活动,是,175,69,0,1,1,1,1,1,1,1,1,20513,0,0,是,10,3,20514|20515,3,,,
160008,千年知了王,自写活动,是,175,69,0,1,1,1,1.3,0.7,1,1,1,20516,0,0,是,10,3,20517|20518,3,,,
,,,,,,,,,,,,,,,,,,,,,,,,,
160009,大雁塔一层,自写活动,是,109,69,0,0.2,0.2,0.2,0.2,0.5,0.2,0.2,0.2,20600,0,0,是,10,3,20601|20602|20603|20604|20605|20601|20602|20603|20604,3,,,
160010,大雁塔二层,自写活动,是,109,69,0,1.5,1.5,1.5,1.5,1.5,1.5,1.5,1.5,20606,0,0,是,10,3,20607|20608|20609|20610|20611|20607|20608|20609|20610,3,,,
160011,大雁塔三层,自写活动,是,109,69,0,2,2,2,2,2,2,2,2,20612,0,0,是,10,3,20613|20614|20615|20616|20617|20613|20614|20615|20616,3,,,
160012,大雁塔四层,自写活动,是,175,69,0,2.5,2.5,2.5,2.5,2.5,2.5,2.5,2.5,20618,0,0,是,10,3,20619|20620|20621|20622|20623|20619|20620|20621|20622,3,,,
160013,大雁塔五层,自写活动,是,175,69,0,3,3,3,3,3,3,3,3,20624,0,0,是,10,3,20625|20626|20627|20628|20629|20625|20626|20627|20628,3,,,
160014,大雁塔六层,自写活动,是,175,69,0,3.5,3.5,3.5,3.5,3.5,3.5,3.5,3.5,20630,0,0,是,10,3,20631|20632|20633|20634|20635|20631|20632|20633|20634,3,,,
160015,大雁塔七层,自写活动,是,175,69,0,4,4,4,4,4,4,4,4,20636,0,0,是,10,3,20637|20638|20639|20640|20641|20637|20638|20639|20640,3,,,
,,,,,,,,,,,,,,,,,,,,,,,,,
160016,琴声悠悠,自写活动,是,175,69,0,1,1,1,1,1,0.8,0.8,1,20672,0,0,是,10,3,20672,3,,,
160017,新春快乐,自写活动,是,175,69,0,1,1,1,1,1,0.8,0.8,1,20673,0,0,是,10,3,20673,3,,,
160018,中秋,自写活动,是,175,69,0,1,1,1,1,1,0.8,0.8,1,20674,0,0,是,10,3,20674,3,,,
160019,龙神,自写活动,是,175,69,0,1,1,1,1,1,0.8,0.8,1,20675,0,0,是,10,3,20675,3,,,
160020,仙气,自写活动,是,175,69,0,1,1,1,1,1,0.8,0.8,1,20676,0,0,是,10,3,20676,3,,,
160021,武神坛服战8强,自写活动,是,175,69,0,1,1.2,1.2,1.2,1.2,1.2,1.2,1.2,20642,0,0,是,10,3,20643|20644|20645|20646|20647|20643|20644|20645|20646,3,,,
160022,武神坛服战4强,自写活动,是,175,69,0,1,1.2,1.2,1.2,1.2,1.2,1.2,1.2,20648,0,0,是,10,3,20649|20650|20651|20652|20653|20649|20650|20651|20652,3,,,
160023,武神坛服战季军,自写活动,是,175,69,0,1,1.2,1.2,1.2,1.2,1.2,1.2,1.2,20654,0,0,是,10,3,20655|20656|20657|20658|20659|20655|20656|20657|20658,3,,,
160024,武神坛服战亚军,自写活动,是,175,69,0,1,1.2,1.2,1.2,1.2,1.2,1.2,1.2,20660,0,0,是,10,3,20661|20662|20663|20664|20665|20661|20662|20663|20664,3,,,
160025,武神坛服战冠军,自写活动,是,175,69,0,1,1.2,1.2,1.2,1.2,1.2,1.2,1.2,20666,0,0,是,10,3,20667|20668|20669|20670|20671|20667|20668|20669|20670,3,,,
160026,客服小二,自写活动,是,175,69,0,1,1.2,1.2,1.2,1.2,1.2,1.2,1.2,20677,0,0,是,10,3,20678|20679|20680|20681|20682|20678|20679|20680|20681,3,,,
