编号,伤害系数,法伤系数,气血系数,速度系数,固伤系数,治疗系数,封印等级,抗封等级,备注
,,,,,,,,,
number,array,array,array,array,array,array,array,array,string
100004,"{1.2,1.1,1.1,1.1,1.1,1.1,1.1,1.1,1.1,1.1}","{1.1,1.1,1,1,1,1,1,1,1,1}","{10,9,9,9,9,9,9,9,9,9}","{1,0.9,0.9,0.9,0.9,0.9,0.9,0.9,0.9,0.9}","{0,0,0,0,0,0,0,0,0,0}","{0,0,0,0,0,0,0,0,0,0}","{100,100,100,100,100,100,100,100,100,100}","{-100,-100,-100,-100,-100,-100,-100,-100,-100,-100}",封妖
100008,"{0.9,0.8,0.8,0.8,0.8,0.8,0.8,0.8,0.8,0.8}","{0.7,0.7,0.7,0.7,0.7,0.7,0.7,0.7,0.7,0.7}","{6,4,4,4,4,4,4,4,4,4}","{1,0.8,0.8,0.8,0.8,0.8,0.8,0.8,0.8,0.8}","{0,0,0,0,0,0,0,0,0,0}","{0,0,0,0,0,0,0,0,0,0}","{100,100,100,100,100,100,100,100,100,100}","{-100,-100,-100,-100,-100,-100,-100,-100,-100,-100}",抓鬼
100009,{1.7},{1.35},{20},{1.6},"{3,3,3,3,3,3,3,3,3,3}","{4,3,3,3,3,3,3,3,3,3,3}","{100,100,100,100,100,100,100,100,100,100}","{-100,-100,-100,-100,-100,-100,-100,-100,-100,-100}",取28星宿属性
100011,"{0.9,0.8,0.8,0.8,0.8,0.8,0.8,0.8,0.8,0.8}","{0.8,0.7,0.7,0.7,0.7,0.7,0.7,0.7,0.7,0.7,0.7}","{6,4,4,4,4,4,4,4,4,4}","{1,0.9,0.9,0.9,0.9,0.9,0.9,0.9,0.9,0.9}","{0,0,0,0,0,0,0,0,0,0}","{0,0,0,0,0,0,0,0,0,0}","{100,100,100,100,100,100,100,100,100,100}","{-100,-100,-100,-100,-100,-100,-100,-100,-100,-100}",取门派闯关信息
100012,"{0.8,0.7,0.7,0.7,0.7,0.7,0.7,0.7,0.7,0.7}","{0.7,0.6,0.6,0.6,0.6,0.6,0.6,0.6,0.6,0.6}","{5,5,5,5,5,4,4,4,4,4}","{1,0.9,0.9,0.9,0.9,0.9,0.9,0.9,0.9,0.9}","{0,0,0,0,0,0,0,0,0,0}","{0,0,0,0,0,0,0,0,0,0}","{100,100,100,100,100,100,100,100,100,100}","{-100,-100,-100,-100,-100,-100,-100,-100,-100,-100}",取游泳信息
100020,"{1.6,1.5,1.5,1.5,1.5,1.5,1.5,1.5,1.5,1.5}","{1.3,1.15,1.15,1.15,1.15,1.15,1.15,1.15,1.15,1.15}","{16,13,13,13,13,13,13,13,13,13,13}","{1.3,1.2,1.2,1.2,1.2,1.2,1.2,1.2,1.2,1.2}","{0,0,0,0,0,0,0,0,0,0}","{5,5,5,5,5,5,5,5,5,5}","{100,100,100,100,100,100,100,100,100,100}","{-100,-100,-100,-100,-100,-100,-100,-100,-100,-100}",挖宝妖王
100028,"{0.8,0.7,0.7,0.7,0.7,0.7,0.7,0.7,0.7,0.7}","{0.7,0.6,0.6,0.6,0.6,0.6,0.6,0.6,0.6,0.6}","{5,5,5,5,5,4,4,4,4,4}","{0.9,0.8,0.8,0.8,0.8,0.8,0.8,0.8,0.8,0.8}","{0,0,0,0,0,0,0,0,0,0}","{0,0,0,0,0,0,0,0,0,0}","{100,100,100,100,100,100,100,100,100,100}","{-100,-100,-100,-100,-100,-100,-100,-100,-100,-100}",乌鸡芭蕉木妖
100029,"{0.8,0.7,0.7,0.7,0.7,0.7,0.7,0.7,0.7,0.7}","{0.7,0.6,0.6,0.6,0.6,0.6,0.6,0.6,0.6,0.6}","{6,5,5,5,5,4,4,4,4,4}","{1,0.9,0.9,0.9,0.9,0.9,0.9,0.9,0.9,0.9}","{0,0,0,0,0,0,0,0,0,0}","{0,0,0,0,0,0,0,0,0,0}","{100,100,100,100,100,100,100,100,100,100}","{-100,-100,-100,-100,-100,-100,-100,-100,-100,-100}",乌鸡三妖
100030,"{0.8,0.7,0.7,0.7,0.7,0.7,0.7,0.7,0.7,0.7}","{0.7,0.6,0.6,0.6,0.6,0.6,0.6,0.6,0.6,0.6}","{6,4,4,4,4,4,4,4,4,4}","{1,0.9,0.9,0.9,0.9,0.9,0.9,0.9,0.9,0.9}","{0,0,0,0,0,0,0,0,0,0}","{0,0,0,0,0,0,0,0,0,0}","{100,100,100,100,100,100,100,100,100,100}","{-100,-100,-100,-100,-100,-100,-100,-100,-100,-100}",乌鸡鬼祟小怪
100031,"{0.9,0.8,0.8,0.8,0.8,0.8,0.8,0.8,0.8,0.8}","{0.8,0.7,0.7,0.7,0.7,0.7,0.7,0.7,0.7,0.7,0.7}","{7,5,5,5,5,5,5,5,5,5}","{1,0.9,0.9,0.9,0.9,0.9,0.9,0.9,0.9,0.9}","{0,0,0,0,0,0,0,0,0,0}","{0,0,0,0,0,0,0,0,0,0}","{100,100,100,100,100,100,100,100,100,100}","{-100,-100,-100,-100,-100,-100,-100,-100,-100,-100}",乌鸡国王
100135,"{1.6,1.5,1.5,1.5,1.5,1.5,1.5,1.5,1.5,1.5}","{1.4,1.2,1.2,1.2,1.2,1.2,1.2,1.2,1.2,1.2}","{17,10,10,10,10,10,10,10,10,10}","{1.2,1.1,1.1,1.1,1.1,1.1,1.1,1.1,1.1,1.1}","{3,3,3,3,3,3,3,3,3,3}","{2,2,2,2,2,2,2,2,2,2,2}","{100,100,100,100,100,100,100,100,100,100}","{-100,-100,-100,-100,-100,-100,-100,-100,-100,-100}",梦魇夜叉
101000,"{1.6,1.5,1.5,1.5,1.5,1.5,1.5,1.5,1.5,1.5}","{1.4,1.2,1.2,1.2,1.2,1.2,1.2,1.2,1.2,1.2}","{15,10,10,10,10,10,10,10,10,10}","{1.2,1.1,1.1,1.1,1.1,1.1,1.1,1.1,1.1,1.1}","{3,3,3,3,3,3,3,3,3,3}","{2,2,2,2,2,2,2,2,2,2,2}","{100,100,100,100,100,100,100,100,100,100}","{-100,-100,-100,-100,-100,-100,-100,-100,-100,-100}",鬼王任务
110005,"{1,0.9,0.9,0.9,0.9,0.9,0.9,0.9,0.9,0.9}","{0.9,0.8,0.8,0.8,0.8,0.8,0.8,0.8,0.8,0.8,0.8}","{8,5,5,5,5,5,5,5,5,5}","{1.1,1,1,1,1,1,1,1,1,1}","{0,0,0,0,0,0,0,0,0,0}","{0,0,0,0,0,0,0,0,0,0}","{100,100,100,100,100,100,100,100,100,100}","{-100,-100,-100,-100,-100,-100,-100,-100,-100,-100}",白鹿精
110006,"{1,0.9,0.9,0.9,0.9,0.9,0.9,0.9,0.9,0.9}","{0.9,0.8,0.8,0.8,0.8,0.8,0.8,0.8,0.8,0.8,0.8}","{8,5,5,5,5,5,5,5,5,5}","{1.1,1,1,1,1,1,1,1,1,1}","{0,0,0,0,0,0,0,0,0,0}","{0,0,0,0,0,0,0,0,0,0}","{100,100,100,100,100,100,100,100,100,100}","{-100,-100,-100,-100,-100,-100,-100,-100,-100,-100}",玉面狐狸
110007,"{1,0.9,0.9,0.9,0.9,0.9,0.9,0.9,0.9,0.9}","{0.9,0.8,0.8,0.8,0.8,0.8,0.8,0.8,0.8,0.8,0.8}","{8,5,5,5,5,5,5,5,5,5}","{1.1,1,1,1,1,1,1,1,1,1}","{0,0,0,0,0,0,0,0,0,0}","{0,0,0,0,0,0,0,0,0,0}","{100,100,100,100,100,100,100,100,100,100}","{-100,-100,-100,-100,-100,-100,-100,-100,-100,-100}",酒肉和尚1
110008,"{1,0.9,0.9,0.9,0.9,0.9,0.9,0.9,0.9,0.9}","{0.9,0.8,0.8,0.8,0.8,0.8,0.8,0.8,0.8,0.8,0.8}","{8,5,5,5,5,5,5,5,5,5}","{1.1,1,1,1,1,1,1,1,1,1}","{0,0,0,0,0,0,0,0,0,0}","{0,0,0,0,0,0,0,0,0,0}","{100,100,100,100,100,100,100,100,100,100}","{-100,-100,-100,-100,-100,-100,-100,-100,-100,-100}",白琉璃
110009,"{1,0.9,0.9,0.9,0.9,0.9,0.9,0.9,0.9,0.9}","{0.9,0.8,0.8,0.8,0.8,0.8,0.8,0.8,0.8,0.8,0.8}","{8,5,5,5,5,5,5,5,5,5}","{1.1,1,1,1,1,1,1,1,1,1}","{0,0,0,0,0,0,0,0,0,0}","{0,0,0,0,0,0,0,0,0,0}","{100,100,100,100,100,100,100,100,100,100}","{-100,-100,-100,-100,-100,-100,-100,-100,-100,-100}",酒肉和尚2
110010,"{1,0.9,0.9,0.9,0.9,0.9,0.9,0.9,0.9,0.9}","{0.9,0.8,0.8,0.8,0.8,0.8,0.8,0.8,0.8,0.8,0.8}","{8,5,5,5,5,5,5,5,5,5}","{1.1,1,1,1,1,1,1,1,1,1}","{0,0,0,0,0,0,0,0,0,0}","{0,0,0,0,0,0,0,0,0,0}","{100,100,100,100,100,100,100,100,100,100}","{-100,-100,-100,-100,-100,-100,-100,-100,-100,-100}",幽冥鬼
110011,"{1,0.9,0.9,0.9,0.9,0.9,0.9,0.9,0.9,0.9}","{0.9,0.8,0.8,0.8,0.8,0.8,0.8,0.8,0.8,0.8,0.8}","{8,5,5,5,5,5,5,5,5,5}","{1.1,1,1,1,1,1,1,1,1,1}","{0,0,0,0,0,0,0,0,0,0}","{0,0,0,0,0,0,0,0,0,0}","{100,100,100,100,100,100,100,100,100,100}","{-100,-100,-100,-100,-100,-100,-100,-100,-100,-100}",衙门守卫
110012,"{1,0.9,0.9,0.9,0.9,0.9,0.9,0.9,0.9,0.9}","{0.9,0.8,0.8,0.8,0.8,0.8,0.8,0.8,0.8,0.8,0.8}","{8,5,5,5,5,5,5,5,5,5}","{1.1,1,1,1,1,1,1,1,1,1}","{0,0,0,0,0,0,0,0,0,0}","{0,0,0,0,0,0,0,0,0,0}","{100,100,100,100,100,100,100,100,100,100}","{-100,-100,-100,-100,-100,-100,-100,-100,-100,-100}",虾兵
110013,"{1,0.9,0.9,0.9,0.9,0.9,0.9,0.9,0.9,0.9}","{0.9,0.8,0.8,0.8,0.8,0.8,0.8,0.8,0.8,0.8,0.8}","{8,5,5,5,5,5,5,5,5,5}","{1.1,1,1,1,1,1,1,1,1,1}","{0,0,0,0,0,0,0,0,0,0}","{0,0,0,0,0,0,0,0,0,0}","{100,100,100,100,100,100,100,100,100,100}","{-100,-100,-100,-100,-100,-100,-100,-100,-100,-100}",山神
110014,"{1,0.9,0.9,0.9,0.9,0.9,0.9,0.9,0.9,0.9}","{0.9,0.8,0.8,0.8,0.8,0.8,0.8,0.8,0.8,0.8,0.8}","{8,5,5,5,5,5,5,5,5,5}","{1.1,1,1,1,1,1,1,1,1,1}","{0,0,0,0,0,0,0,0,0,0}","{0,0,0,0,0,0,0,0,0,0}","{100,100,100,100,100,100,100,100,100,100}","{-100,-100,-100,-100,-100,-100,-100,-100,-100,-100}",蟹将军
110015,"{1,0.9,0.9,0.9,0.9,0.9,0.9,0.9,0.9,0.9}","{0.9,0.8,0.8,0.8,0.8,0.8,0.8,0.8,0.8,0.8,0.8}","{8,5,5,5,5,5,5,5,5,5}","{1.1,1,1,1,1,1,1,1,1,1}","{0,0,0,0,0,0,0,0,0,0}","{0,0,0,0,0,0,0,0,0,0}","{100,100,100,100,100,100,100,100,100,100}","{-100,-100,-100,-100,-100,-100,-100,-100,-100,-100}",刘洪1
110016,"{1.2,1.1,1.1,1.1,1.1,1.1,1.1,1.1,1.1,1.1}","{1,0.9,0.9,0.9,0.9,0.9,0.9,0.9,0.9,0.9}","{10,9,9,9,9,9,9,9,9,9}","{1.1,1,1,1,1,1,1,1,1,1}","{0,0,0,0,0,0,0,0,0,0}","{0,0,0,0,0,0,0,0,0,0}","{100,100,100,100,100,100,100,100,100,100}","{-100,-100,-100,-100,-100,-100,-100,-100,-100,-100}",李彪
110017,"{1.3,1.2,1.2,1.2,1.2,1.2,1.2,1.2,1.2,1.2}","{1,0.9,0.9,0.9,0.9,0.9,0.9,0.9,0.9,0.9}","{13,11,11,11,11,11,11,11,11,11}","{1.2,1,1,1,1,1,1,1,1,1}","{0,0,0,0,0,0,0,0,0,0}","{0,0,0,0,0,0,0,0,0,0}","{100,100,100,100,100,100,100,100,100,100}","{-100,-100,-100,-100,-100,-100,-100,-100,-100,-100}",刘洪2
111111,"{0.7,0.6,0.6,0.6,0.6,0.6,0.6,0.6,0.6,0.6}","{0.6,0.5,0.5,0.5,0.5,0.5,0.5,0.5,0.5,0.5}","{0.8,0.8,0.8,0.8,0.8,0.8,0.8,0.8,0.8,0.8}","{0.8,0.8,0.8,0.8,0.8,0.8,0.8,0.8,0.8,0.8}","{0,0,0,0,0,0,0,0,0,0}","{0,0,0,0,0,0,0,0,0,0}","{100,100,100,100,100,100,100,100,100,100}","{-100,-100,-100,-100,-100,-100,-100,-100,-100,-100}",伤害测试
111113,"{1.1,1.1,1.1}","{1,1,1}","{10,10,10}","{1.1,1,1}","{0,0,0,0,0,0,0,0,0,0}","{0,0,0,0,0,0,0,0,0,0}","{100,100,100,100,100,100,100,100,100,100}","{-100,-100,-100,-100,-100,-100,-100,-100,-100,-100}",巧智魔1
111114,"{0.9,0.8,0.8,0.8,0.8,0.8,0.8,0.8,0.8,0.8}","{0.8,0.7,0.7,0.7,0.7,0.7,0.7,0.7,0.7,0.7,0.7}","{6,4,4,4,4,4,4,4,4,4}","{1,0.9,0.9,0.9,0.9,0.9,0.9,0.9,0.9,0.9}","{0,0,0,0,0,0,0,0,0,0}","{0,0,0,0,0,0,0,0,0,0}","{100,100,100,100,100,100,100,100,100,100}","{-100,-100,-100,-100,-100,-100,-100,-100,-100,-100}",巧智魔2
111115,"{0.9,0.8,0.8,0.8,0.8,0.8,0.8,0.8,0.8,0.8}","{0.8,0.7,0.7,0.7,0.7,0.7,0.7,0.7,0.7,0.7,0.7}","{6,4,4,4,4,4,4,4,4,4}","{1,0.9,0.9,0.9,0.9,0.9,0.9,0.9,0.9,0.9}","{0,0,0,0,0,0,0,0,0,0}","{0,0,0,0,0,0,0,0,0,0}","{100,100,100,100,100,100,100,100,100,100}","{-100,-100,-100,-100,-100,-100,-100,-100,-100,-100}",梦魇魔
111116,"{0.9,0.8,0.8,0.8,0.8,0.8,0.8,0.8,0.8,0.8}","{0.8,0.7,0.7,0.7,0.7,0.7,0.7,0.7,0.7,0.7,0.7}","{6,4,4,4,4,4,4,4,4,4}","{1,0.9,0.9,0.9,0.9,0.9,0.9,0.9,0.9,0.9}","{0,0,0,0,0,0,0,0,0,0}","{0,0,0,0,0,0,0,0,0,0}","{100,100,100,100,100,100,100,100,100,100}","{-100,-100,-100,-100,-100,-100,-100,-100,-100,-100}",招魂帖梦魇魔
111117,"{0.9,0.8,0.8,0.8,0.8,0.8,0.8,0.8,0.8,0.8}","{0.8,0.7,0.7,0.7,0.7,0.7,0.7,0.7,0.7,0.7,0.7}","{6,4,4,4,4,4,4,4,4,4}","{1,0.9,0.9,0.9,0.9,0.9,0.9,0.9,0.9,0.9}","{0,0,0,0,0,0,0,0,0,0}","{0,0,0,0,0,0,0,0,0,0}","{100,100,100,100,100,100,100,100,100,100}","{-100,-100,-100,-100,-100,-100,-100,-100,-100,-100}",怯弱妖
111118,"{0.9,0.8,0.8,0.8,0.8,0.8,0.8,0.8,0.8,0.8}","{0.8,0.7,0.7,0.7,0.7,0.7,0.7,0.7,0.7,0.7,0.7}","{6,4,4,4,4,4,4,4,4,4}","{1,0.9,0.9,0.9,0.9,0.9,0.9,0.9,0.9,0.9}","{0,0,0,0,0,0,0,0,0,0}","{0,0,0,0,0,0,0,0,0,0}","{100,100,100,100,100,100,100,100,100,100}","{-100,-100,-100,-100,-100,-100,-100,-100,-100,-100}",迷幻妖
111119,"{0.9,0.8,0.8,0.8,0.8,0.8,0.8,0.8,0.8,0.8}","{0.8,0.7,0.7,0.7,0.7,0.7,0.7,0.7,0.7,0.7,0.7}","{6,4,4,4,4,4,4,4,4,4}","{1,0.9,0.9,0.9,0.9,0.9,0.9,0.9,0.9,0.9}","{0,0,0,0,0,0,0,0,0,0}","{0,0,0,0,0,0,0,0,0,0}","{100,100,100,100,100,100,100,100,100,100}","{-100,-100,-100,-100,-100,-100,-100,-100,-100,-100}",冥想幽鬼
111120,"{0.9,0.8,0.8,0.8,0.8,0.8,0.8,0.8,0.8,0.8}","{0.8,0.7,0.7,0.7,0.7,0.7,0.7,0.7,0.7,0.7,0.7}","{6,4,4,4,4,4,4,4,4,4}","{1,0.9,0.9,0.9,0.9,0.9,0.9,0.9,0.9,0.9}","{0,0,0,0,0,0,0,0,0,0}","{0,0,0,0,0,0,0,0,0,0}","{100,100,100,100,100,100,100,100,100,100}","{-100,-100,-100,-100,-100,-100,-100,-100,-100,-100}",勾魂幽灵
111121,"{0.9,0.8,0.8,0.8,0.8,0.8,0.8,0.8,0.8,0.8}","{0.8,0.7,0.7,0.7,0.7,0.7,0.7,0.7,0.7,0.7,0.7}","{6,4,4,4,4,4,4,4,4,4}","{1,0.9,0.9,0.9,0.9,0.9,0.9,0.9,0.9,0.9}","{0,0,0,0,0,0,0,0,0,0}","{0,0,0,0,0,0,0,0,0,0}","{100,100,100,100,100,100,100,100,100,100}","{-100,-100,-100,-100,-100,-100,-100,-100,-100,-100}",机械游魂
111122,"{1,0.9,0.9,0.9,0.9,0.9,0.9,0.9,0.9,0.9}","{0.9,0.8,0.8,0.8,0.8,0.8,0.8,0.8,0.8,0.8,0.8}","{6,4,4,4,4,4,4,4,4,4}","{1.1,1,1,1,1,1,1,1,1,1}","{0,0,0,0,0,0,0,0,0,0}","{0,0,0,0,0,0,0,0,0,0}","{100,100,100,100,100,100,100,100,100,100}","{-100,-100,-100,-100,-100,-100,-100,-100,-100,-100}",夜叉
111123,"{1.6,1.4,1.4,1.4,1.4,1.4,1.4,1.4,1.4,1.4}","{1.2,1.1,1.1,1.1,1.1,1.1,1.1,1.1,1.1,1.1}","{16,12,12,12,12,12,12,12,12,12,12}","{1.2,1.1,1.1,1.1,1.1,1.1,1.1,1.1,1.1,1.1}","{0,0,0,0,0,0,0,0,0,0}","{0,0,0,0,0,0,0,0,0,0}","{100,100,100,100,100,100,100,100,100,100}","{-100,-100,-100,-100,-100,-100,-100,-100,-100,-100}",千年魔灵
111124,"{1.7,1.5,1.5,1.5,1.5,1.5,1.5,1.5,1.5,1.5}","{1.4,1.3,1.3,1.3,1.3,1.3,1.3,1.3,1.3,1.3,1.3}","{20,17,17,17,17,17,17,17,17,17}","{1.4,1.3,1.3,1.3,1.3,1.3,1.3,1.3,1.3,1.3}","{0,0,0,0,0,0,0,0,0,0}","{0,0,0,0,0,0,0,0,0,0}","{100,100,100,100,100,100,100,100,100,100}","{-100,-100,-100,-100,-100,-100,-100,-100,-100,-100}",万年魔灵
111125,"{1.5,1.4,1.4,1.4,1.4,1.4,1.4,1.4,1.4,1.4}","{1.4,1.4,1.4,1.4,1.4,1.4,1.4,1.4,1.4,1.4}","{26,20,20,20,20,20,20,20,20,20}","{1.4,1.35,1.35,1.35,1.35,1.35,1.35,1.35,1.35,1.35}","{3,3,3,3,3,3,3,3,3,3}","{5,5,5,5,5,5,5,5,5,5}","{130,130,130,130,130,130,130,130,130,130}","{-100,-100,-100,-100,-100,-100,-100,-100,-100,-100}",地煞星
111126,"{1.5,1.4,1.4,1.4,1.4,1.4,1.4,1.4,1.4,1.4}","{1.5,1.4,1.4,1.4,1.4,1.4,1.4,1.4,1.4,1.4}","{30,23,23,23,23,23,23,23,23,23}","{1.6,1.5,1.5,1.5,1.5,1.5,1.5,1.5,1.5,1.5}","{3,3,3,3,3,3,3,3,3,3}","{5,5,5,5,5,5,5,5,5,5}","{150,150,150,150,150,150,150,150,150,150}","{-80,-80,-80,-80,-80,-80,-80,-80,-80,-80}",六星地煞
111127,"{1.5,1.4,1.4,1.4,1.4,1.4,1.4,1.4,1.4,1.4}","{1.5,1.4,1.4,1.4,1.4,1.4,1.4,1.4,1.4,1.4}","{28,21.5,21.5,21.5,21.5,21.5,21.5,21.5,21.5,21.5}","{1.6,1.5,1.5,1.5,1.5,1.5,1.5,1.5,1.5,1.5}","{3,3,3,3,3,3,3,3,3,3}","{5,5,5,5,5,5,5,5,5,5}","{140,140,140,140,140,140,140,140,140,140}","{-90,-90,-90,-90,-90,-90,-90,-90,-90,-90}",天罡1-5
111128,"{1.6,1.5,1.5,1.5,1.5,1.5,1.5,1.5,1.5,1.5}","{1.6,1.5,1.5,1.5,1.5,1.5,1.5,1.5,1.5,1.5}","{32,25,25,25,25,25,25,25,25,25}","{1.6,1.5,1.5,1.5,1.5,1.5,1.5,1.5,1.5,1.5}","{4,4,4,4,4,4,4,4,4,4}","{6,6,6,6,6,6,6,6,6,6}","{150,150,150,150,150,150,150,150,150,150}","{-60,-60,-60,-60,-60,-60,-60,-60,-60,-60}",天罡boss
111129,"{1.8,1.6,1.6,1.6,1.6,1.6,1.6,1.6,1.6,1.6}","{1.8,1.6,1.6,1.6,1.6,1.6,1.6,1.6,1.6,1.6}","{32,25,25,25,25,25,25,25,25,25}","{1.6,1.5,1.5,1.5,1.5,1.5,1.5,1.5,1.5,1.5}","{5,5,5,5,5,5,5,5,5,5}","{7,7,7,7,7,7,7,7,7,7}","{160,160,160,160,160,160,160,160,160,160}","{-50,-50,-50,-50,-50,-50,-50,-50,-50,-50}",天罡首领
130002,"{0.8,0.7,0.7,0.7,0.7,0.7,0.7,0.7,0.7,0.7}","{0.8,0.7,0.7,0.7,0.7,0.7,0.7,0.7,0.7,0.7,0.7}","{6,4,4,4,4,4,4,4,4,4}","{0.9,0.8,0.8,0.8,0.8,0.8,0.8,0.8,0.8,0.8}","{0,0,0,0,0,0,0,0,0,0}","{0,0,0,0,0,0,0,0,0,0}","{100,100,100,100,100,100,100,100,100,100}","{-100,-100,-100,-100,-100,-100,-100,-100,-100,-100}",女儿村一
130003,"{0.8,0.7,0.7,0.7,0.7,0.7,0.7,0.7,0.7,0.7}","{0.8,0.7,0.7,0.7,0.7,0.7,0.7,0.7,0.7,0.7,0.7}","{7,5,5,5,5,5,5,5,5,5}","{1,0.9,0.9,0.9,0.9,0.9,0.9,0.9,0.9,0.9}","{0,0,0,0,0,0,0,0,0,0}","{0,0,0,0,0,0,0,0,0,0}","{100,100,100,100,100,100,100,100,100,100}","{-100,-100,-100,-100,-100,-100,-100,-100,-100,-100}",女儿村二
130004,"{0.8,0.7,0.7,0.7,0.7,0.7,0.7,0.7,0.7,0.7}","{0.8,0.7,0.7,0.7,0.7,0.7,0.7,0.7,0.7,0.7,0.7}","{6,4,4,4,4,4,4,4,4,4}","{0.9,0.8,0.8,0.8,0.8,0.8,0.8,0.8,0.8,0.8}","{0,0,0,0,0,0,0,0,0,0}","{0,0,0,0,0,0,0,0,0,0}","{100,100,100,100,100,100,100,100,100,100}","{-100,-100,-100,-100,-100,-100,-100,-100,-100,-100}",狮驼岭一
130005,"{0.8,0.7,0.7,0.7,0.7,0.7,0.7,0.7,0.7,0.7}","{0.8,0.7,0.7,0.7,0.7,0.7,0.7,0.7,0.7,0.7,0.7}","{7,5,5,5,5,5,5,5,5,5}","{1,0.9,0.9,0.9,0.9,0.9,0.9,0.9,0.9,0.9}","{0,0,0,0,0,0,0,0,0,0}","{0,0,0,0,0,0,0,0,0,0}","{100,100,100,100,100,100,100,100,100,100}","{-100,-100,-100,-100,-100,-100,-100,-100,-100,-100}",狮驼岭二
130006,"{0.8,0.7,0.7,0.7,0.7,0.7,0.7,0.7,0.7,0.7}","{0.8,0.7,0.7,0.7,0.7,0.7,0.7,0.7,0.7,0.7,0.7}","{6,4,4,4,4,4,4,4,4,4}","{0.9,0.8,0.8,0.8,0.8,0.8,0.8,0.8,0.8,0.8}","{0,0,0,0,0,0,0,0,0,0}","{0,0,0,0,0,0,0,0,0,0}","{100,100,100,100,100,100,100,100,100,100}","{-100,-100,-100,-100,-100,-100,-100,-100,-100,-100}",墨家村一
130007,"{0.8,0.7,0.7,0.7,0.7,0.7,0.7,0.7,0.7,0.7}","{0.8,0.7,0.7,0.7,0.7,0.7,0.7,0.7,0.7,0.7,0.7}","{7,5,5,5,5,5,5,5,5,5}","{1,0.9,0.9,0.9,0.9,0.9,0.9,0.9,0.9,0.9}","{0,0,0,0,0,0,0,0,0,0}","{0,0,0,0,0,0,0,0,0,0}","{100,100,100,100,100,100,100,100,100,100}","{-100,-100,-100,-100,-100,-100,-100,-100,-100,-100}",墨家村二
130008,"{0.8,0.7,0.7,0.7,0.7,0.7,0.7,0.7,0.7,0.7}","{0.8,0.7,0.7,0.7,0.7,0.7,0.7,0.7,0.7,0.7,0.7}","{6,4,4,4,4,4,4,4,4,4}","{0.9,0.8,0.8,0.8,0.8,0.8,0.8,0.8,0.8,0.8}","{0,0,0,0,0,0,0,0,0,0}","{0,0,0,0,0,0,0,0,0,0}","{100,100,100,100,100,100,100,100,100,100}","{-100,-100,-100,-100,-100,-100,-100,-100,-100,-100}",花果山一
130009,"{0.8,0.7,0.7,0.7,0.7,0.7,0.7,0.7,0.7,0.7}","{0.8,0.7,0.7,0.7,0.7,0.7,0.7,0.7,0.7,0.7,0.7}","{7,5,5,5,5,5,5,5,5,5}","{1,0.9,0.9,0.9,0.9,0.9,0.9,0.9,0.9,0.9}","{0,0,0,0,0,0,0,0,0,0}","{0,0,0,0,0,0,0,0,0,0}","{100,100,100,100,100,100,100,100,100,100}","{-100,-100,-100,-100,-100,-100,-100,-100,-100,-100}",花果山二
130010,"{0.8,0.7,0.7,0.7,0.7,0.7,0.7,0.7,0.7,0.7}","{0.8,0.7,0.7,0.7,0.7,0.7,0.7,0.7,0.7,0.7,0.7}","{6,4,4,4,4,4,4,4,4,4}","{0.9,0.8,0.8,0.8,0.8,0.8,0.8,0.8,0.8,0.8}","{0,0,0,0,0,0,0,0,0,0}","{0,0,0,0,0,0,0,0,0,0}","{100,100,100,100,100,100,100,100,100,100}","{-100,-100,-100,-100,-100,-100,-100,-100,-100,-100}",龙宫一
130011,"{0.8,0.7,0.7,0.7,0.7,0.7,0.7,0.7,0.7,0.7}","{0.8,0.7,0.7,0.7,0.7,0.7,0.7,0.7,0.7,0.7,0.7}","{7,5,5,5,5,5,5,5,5,5}","{1,0.9,0.9,0.9,0.9,0.9,0.9,0.9,0.9,0.9}","{0,0,0,0,0,0,0,0,0,0}","{0,0,0,0,0,0,0,0,0,0}","{100,100,100,100,100,100,100,100,100,100}","{-100,-100,-100,-100,-100,-100,-100,-100,-100,-100}",龙宫二
130012,"{0.8,0.7,0.7,0.7,0.7,0.7,0.7,0.7,0.7,0.7}","{0.8,0.7,0.7,0.7,0.7,0.7,0.7,0.7,0.7,0.7,0.7}","{6,4,4,4,4,4,4,4,4,4}","{0.9,0.8,0.8,0.8,0.8,0.8,0.8,0.8,0.8,0.8}","{0,0,0,0,0,0,0,0,0,0}","{0,0,0,0,0,0,0,0,0,0}","{100,100,100,100,100,100,100,100,100,100}","{-100,-100,-100,-100,-100,-100,-100,-100,-100,-100}",太岁山一
130013,"{0.8,0.7,0.7,0.7,0.7,0.7,0.7,0.7,0.7,0.7}","{0.8,0.7,0.7,0.7,0.7,0.7,0.7,0.7,0.7,0.7,0.7}","{7,5,5,5,5,5,5,5,5,5}","{1,0.9,0.9,0.9,0.9,0.9,0.9,0.9,0.9,0.9}","{0,0,0,0,0,0,0,0,0,0}","{0,0,0,0,0,0,0,0,0,0}","{100,100,100,100,100,100,100,100,100,100}","{-100,-100,-100,-100,-100,-100,-100,-100,-100,-100}",太岁山二
130014,"{0.8,0.7,0.7,0.7,0.7,0.7,0.7,0.7,0.7,0.7}","{0.8,0.7,0.7,0.7,0.7,0.7,0.7,0.7,0.7,0.7,0.7}","{6,4,4,4,4,4,4,4,4,4}","{0.9,0.8,0.8,0.8,0.8,0.8,0.8,0.8,0.8,0.8}","{0,0,0,0,0,0,0,0,0,0}","{0,0,0,0,0,0,0,0,0,0}","{100,100,100,100,100,100,100,100,100,100}","{-100,-100,-100,-100,-100,-100,-100,-100,-100,-100}",月宫一
130015,"{0.8,0.7,0.7,0.7,0.7,0.7,0.7,0.7,0.7,0.7}","{0.8,0.7,0.7,0.7,0.7,0.7,0.7,0.7,0.7,0.7,0.7}","{7,5,5,5,5,5,5,5,5,5}","{1,0.9,0.9,0.9,0.9,0.9,0.9,0.9,0.9,0.9}","{0,0,0,0,0,0,0,0,0,0}","{0,0,0,0,0,0,0,0,0,0}","{100,100,100,100,100,100,100,100,100,100}","{-100,-100,-100,-100,-100,-100,-100,-100,-100,-100}",月宫二
130016,"{1.1,1,1,1,1,1,1,1,1,1}","{1,0.9,0.9,0.9,0.9,0.9,0.9,0.9,0.9,0.9}","{9,6,6,6,6,6,6,6,6,6}","{1.1,1,1,1,1,1,1,1,1,1}","{0,0,0,0,0,0,0,0,0,0}","{0,0,0,0,0,0,0,0,0,0}","{100,100,100,100,100,100,100,100,100,100}","{-100,-100,-100,-100,-100,-100,-100,-100,-100,-100}",泡泡一
130017,"{1.1,1,1,1,1,1,1,1,1,1}","{1,0.9,0.9,0.9,0.9,0.9,0.9,0.9,0.9,0.9}","{9,6,6,6,6,6,6,6,6,6}","{1.1,1,1,1,1,1,1,1,1,1}","{0,0,0,0,0,0,0,0,0,0}","{0,0,0,0,0,0,0,0,0,0}","{100,100,100,100,100,100,100,100,100,100}","{-100,-100,-100,-100,-100,-100,-100,-100,-100,-100}",泡泡二
130018,"{1.1,1,1,1,1,1,1,1,1,1}","{1,0.9,0.9,0.9,0.9,0.9,0.9,0.9,0.9,0.9}","{9,6,6,6,6,6,6,6,6,6}","{1.1,1,1,1,1,1,1,1,1,1}","{0,0,0,0,0,0,0,0,0,0}","{0,0,0,0,0,0,0,0,0,0}","{100,100,100,100,100,100,100,100,100,100}","{-100,-100,-100,-100,-100,-100,-100,-100,-100,-100}",泡泡三
130019,"{1.1,1,1,1,1,1,1,1,1,1}","{1,0.9,0.9,0.9,0.9,0.9,0.9,0.9,0.9,0.9}","{9,6,6,6,6,6,6,6,6,6}","{1.1,1,1,1,1,1,1,1,1,1}","{0,0,0,0,0,0,0,0,0,0}","{0,0,0,0,0,0,0,0,0,0}","{100,100,100,100,100,100,100,100,100,100}","{-100,-100,-100,-100,-100,-100,-100,-100,-100,-100}",泡泡四
130020,"{1.1,1,1,1,1,1,1,1,1,1}","{1,0.9,0.9,0.9,0.9,0.9,0.9,0.9,0.9,0.9}","{9,6,6,6,6,6,6,6,6,6}","{1.1,1,1,1,1,1,1,1,1,1}","{0,0,0,0,0,0,0,0,0,0}","{0,0,0,0,0,0,0,0,0,0}","{100,100,100,100,100,100,100,100,100,100}","{-100,-100,-100,-100,-100,-100,-100,-100,-100,-100}",泡泡五
130021,"{1.1,1,1,1,1,1,1,1,1,1}","{1,0.9,0.9,0.9,0.9,0.9,0.9,0.9,0.9,0.9}","{9,6,6,6,6,6,6,6,6,6}","{1.1,1,1,1,1,1,1,1,1,1}","{0,0,0,0,0,0,0,0,0,0}","{0,0,0,0,0,0,0,0,0,0}","{100,100,100,100,100,100,100,100,100,100}","{-100,-100,-100,-100,-100,-100,-100,-100,-100,-100}",泡泡六
130022,"{1.1,1,1,1,1,1,1,1,1,1}","{1,0.9,0.9,0.9,0.9,0.9,0.9,0.9,0.9,0.9}","{9,6,6,6,6,6,6,6,6,6}","{1.1,1,1,1,1,1,1,1,1,1}","{0,0,0,0,0,0,0,0,0,0}","{0,0,0,0,0,0,0,0,0,0}","{100,100,100,100,100,100,100,100,100,100}","{-100,-100,-100,-100,-100,-100,-100,-100,-100,-100}",泡泡七
130023,"{0.9,0.8,0.8,0.8,0.8,0.8,0.8,0.8,0.8,0.8}","{0.8,0.7,0.7,0.7,0.7,0.7,0.7,0.7,0.7,0.7,0.7}","{7,5,5,5,5,5,5,5,5,5}","{1,0.9,0.9,0.9,0.9,0.9,0.9,0.9,0.9,0.9}","{0,0,0,0,0,0,0,0,0,0}","{0,0,0,0,0,0,0,0,0,0}","{100,100,100,100,100,100,100,100,100,100}","{-100,-100,-100,-100,-100,-100,-100,-100,-100,-100}",红境传送大使
130024,"{0.9,0.8,0.8,0.8,0.8,0.8,0.8,0.8,0.8,0.8}","{0.8,0.7,0.7,0.7,0.7,0.7,0.7,0.7,0.7,0.7,0.7}","{7,5,5,5,5,5,5,5,5,5}","{1,0.9,0.9,0.9,0.9,0.9,0.9,0.9,0.9,0.9}","{0,0,0,0,0,0,0,0,0,0}","{0,0,0,0,0,0,0,0,0,0}","{100,100,100,100,100,100,100,100,100,100}","{-100,-100,-100,-100,-100,-100,-100,-100,-100,-100}",橙境传送大使
130025,"{0.9,0.8,0.8,0.8,0.8,0.8,0.8,0.8,0.8,0.8}","{0.8,0.7,0.7,0.7,0.7,0.7,0.7,0.7,0.7,0.7,0.7}","{7,5,5,5,5,5,5,5,5,5}","{1,0.9,0.9,0.9,0.9,0.9,0.9,0.9,0.9,0.9}","{0,0,0,0,0,0,0,0,0,0}","{0,0,0,0,0,0,0,0,0,0}","{100,100,100,100,100,100,100,100,100,100}","{-100,-100,-100,-100,-100,-100,-100,-100,-100,-100}",黄境传送大使
130026,"{0.9,0.8,0.8,0.8,0.8,0.8,0.8,0.8,0.8,0.8}","{0.8,0.7,0.7,0.7,0.7,0.7,0.7,0.7,0.7,0.7,0.7}","{7,5,5,5,5,5,5,5,5,5}","{1,0.9,0.9,0.9,0.9,0.9,0.9,0.9,0.9,0.9}","{0,0,0,0,0,0,0,0,0,0}","{0,0,0,0,0,0,0,0,0,0}","{100,100,100,100,100,100,100,100,100,100}","{-100,-100,-100,-100,-100,-100,-100,-100,-100,-100}",绿境传送大使
130027,"{0.9,0.8,0.8,0.8,0.8,0.8,0.8,0.8,0.8,0.8}","{0.8,0.7,0.7,0.7,0.7,0.7,0.7,0.7,0.7,0.7,0.7}","{7,5,5,5,5,5,5,5,5,5}","{1,0.9,0.9,0.9,0.9,0.9,0.9,0.9,0.9,0.9}","{0,0,0,0,0,0,0,0,0,0}","{0,0,0,0,0,0,0,0,0,0}","{100,100,100,100,100,100,100,100,100,100}","{-100,-100,-100,-100,-100,-100,-100,-100,-100,-100}",蓝境传送大使
130028,"{0.9,0.8,0.8,0.8,0.8,0.8,0.8,0.8,0.8,0.8}","{0.8,0.7,0.7,0.7,0.7,0.7,0.7,0.7,0.7,0.7,0.7}","{7,5,5,5,5,5,5,5,5,5}","{1,0.9,0.9,0.9,0.9,0.9,0.9,0.9,0.9,0.9}","{0,0,0,0,0,0,0,0,0,0}","{0,0,0,0,0,0,0,0,0,0}","{100,100,100,100,100,100,100,100,100,100}","{-100,-100,-100,-100,-100,-100,-100,-100,-100,-100}",靛境传送大使
130029,"{0.9,0.8,0.8,0.8,0.8,0.8,0.8,0.8,0.8,0.8}","{0.8,0.7,0.7,0.7,0.7,0.7,0.7,0.7,0.7,0.7,0.7}","{7,5,5,5,5,5,5,5,5,5}","{1,0.9,0.9,0.9,0.9,0.9,0.9,0.9,0.9,0.9}","{0,0,0,0,0,0,0,0,0,0}","{0,0,0,0,0,0,0,0,0,0}","{100,100,100,100,100,100,100,100,100,100}","{-100,-100,-100,-100,-100,-100,-100,-100,-100,-100}",紫境传送大使
130030,"{0.9,0.8,0.8,0.8,0.8,0.8,0.8,0.8,0.8,0.8}","{0.8,0.7,0.7,0.7,0.7,0.7,0.7,0.7,0.7,0.7,0.7}","{6,4,4,4,4,4,4,4,4,4}","{1,0.9,0.9,0.9,0.9,0.9,0.9,0.9,0.9,0.9}","{0,0,0,0,0,0,0,0,0,0}","{0,0,0,0,0,0,0,0,0,0}","{100,100,100,100,100,100,100,100,100,100}","{-100,-100,-100,-100,-100,-100,-100,-100,-100,-100}",地宫一层
130031,"{0.9,0.8,0.8,0.8,0.8,0.8,0.8,0.8,0.8,0.8}","{0.8,0.7,0.7,0.7,0.7,0.7,0.7,0.7,0.7,0.7,0.7}","{6,4,4,4,4,4,4,4,4,4}","{1,0.9,0.9,0.9,0.9,0.9,0.9,0.9,0.9,0.9}","{0,0,0,0,0,0,0,0,0,0}","{0,0,0,0,0,0,0,0,0,0}","{100,100,100,100,100,100,100,100,100,100}","{-100,-100,-100,-100,-100,-100,-100,-100,-100,-100}",地宫二层
130032,"{0.9,0.8,0.8,0.8,0.8,0.8,0.8,0.8,0.8,0.8}","{0.8,0.7,0.7,0.7,0.7,0.7,0.7,0.7,0.7,0.7,0.7}","{6,4,4,4,4,4,4,4,4,4}","{1,0.9,0.9,0.9,0.9,0.9,0.9,0.9,0.9,0.9}","{0,0,0,0,0,0,0,0,0,0}","{0,0,0,0,0,0,0,0,0,0}","{100,100,100,100,100,100,100,100,100,100}","{-100,-100,-100,-100,-100,-100,-100,-100,-100,-100}",地宫三层
130033,"{0.9,0.8,0.8,0.8,0.8,0.8,0.8,0.8,0.8,0.8}","{0.8,0.7,0.7,0.7,0.7,0.7,0.7,0.7,0.7,0.7,0.7}","{6,4,4,4,4,4,4,4,4,4}","{1,0.9,0.9,0.9,0.9,0.9,0.9,0.9,0.9,0.9}","{0,0,0,0,0,0,0,0,0,0}","{0,0,0,0,0,0,0,0,0,0}","{100,100,100,100,100,100,100,100,100,100}","{-100,-100,-100,-100,-100,-100,-100,-100,-100,-100}",地宫四层
130034,"{1,0.9,0.9,0.9,0.9,0.9,0.9,0.9,0.9,0.9}","{0.9,0.8,0.8,0.8,0.8,0.8,0.8,0.8,0.8,0.8,0.8}","{8,5,5,5,5,5,5,5,5,5}","{1.1,1,1,1,1,1,1,1,1,1}","{0,0,0,0,0,0,0,0,0,0}","{0,0,0,0,0,0,0,0,0,0}","{100,100,100,100,100,100,100,100,100,100}","{-100,-100,-100,-100,-100,-100,-100,-100,-100,-100}",地宫五层
130035,"{1,0.9,0.9,0.9,0.9,0.9,0.9,0.9,0.9,0.9}","{0.9,0.8,0.8,0.8,0.8,0.8,0.8,0.8,0.8,0.8,0.8}","{8,5,5,5,5,5,5,5,5,5}","{1.1,1,1,1,1,1,1,1,1,1}","{0,0,0,0,0,0,0,0,0,0}","{0,0,0,0,0,0,0,0,0,0}","{100,100,100,100,100,100,100,100,100,100}","{-100,-100,-100,-100,-100,-100,-100,-100,-100,-100}",地宫六层
130036,"{0.9,0.8,0.8,0.8,0.8,0.8,0.8,0.8,0.8,0.8}","{0.8,0.7,0.7,0.7,0.7,0.7,0.7,0.7,0.7,0.7,0.7}","{7,5,5,5,5,5,5,5,5,5}","{0.9,0.9,0.9,0.9,0.9,0.9,0.9,0.9,0.9,0.9}","{0,0,0,0,0,0,0,0,0,0}","{0,0,0,0,0,0,0,0,0,0}","{100,100,100,100,100,100,100,100,100,100}","{-100,-100,-100,-100,-100,-100,-100,-100,-100,-100}",文墨场景巡逻
130037,"{0.9,0.8,0.8,0.8,0.8,0.8,0.8,0.8,0.8,0.8}","{0.8,0.7,0.7,0.7,0.7,0.7,0.7,0.7,0.7,0.7,0.7}","{7,5,5,5,5,5,5,5,5,5}","{0.9,0.9,0.9,0.9,0.9,0.9,0.9,0.9,0.9,0.9}","{0,0,0,0,0,0,0,0,0,0}","{0,0,0,0,0,0,0,0,0,0}","{100,100,100,100,100,100,100,100,100,100}","{-100,-100,-100,-100,-100,-100,-100,-100,-100,-100}",文墨护送使者
130038,"{1.1,1.1,1.1}","{1,1,1}","{10,10,10}","{1.1,1.1,1.1}","{0,0,0,0,0,0,0,0,0,0}","{0,0,0,0,0,0,0,0,0,0}","{100,100,100,100,100,100,100,100,100,100}","{-100,-100,-100,-100,-100,-100,-100,-100,-100,-100}",文墨取木材
130039,"{1.1,1.1,1.1}","{1,1,1}","{10,10,10}","{1.1,1.1,1.1}","{0,0,0,0,0,0,0,0,0,0}","{0,0,0,0,0,0,0,0,0,0}","{100,100,100,100,100,100,100,100,100,100}","{-100,-100,-100,-100,-100,-100,-100,-100,-100,-100}",文墨写字
130040,"{0.9,0.8,0.8,0.8,0.8,0.8,0.8,0.8,0.8,0.8}","{0.8,0.7,0.7,0.7,0.7,0.7,0.7,0.7,0.7,0.7,0.7}","{7,5,5,5,5,5,5,5,5,5}","{0.9,0.9,0.9,0.9,0.9,0.9,0.9,0.9,0.9,0.9}","{0,0,0,0,0,0,0,0,0,0}","{0,0,0,0,0,0,0,0,0,0}","{100,100,100,100,100,100,100,100,100,100}","{-100,-100,-100,-100,-100,-100,-100,-100,-100,-100}",文墨门派送信
130041,{1.3},{0.6},{13},{1},"{0,0,0,0,0,0,0,0,0,0}","{0,0,0,0,0,0,0,0,0,0}","{100,100,100,100,100,100,100,100,100,100}","{-100,-100,-100,-100,-100,-100,-100,-100,-100,-100}",天降辰星子鼠
130042,"{1.1,1.1,1.1}","{1,1,1}","{10,10,10}","{1,1,1}","{0,0,0,0,0,0,0,0,0,0}","{0,0,0,0,0,0,0,0,0,0}","{100,100,100,100,100,100,100,100,100,100}","{-100,-100,-100,-100,-100,-100,-100,-100,-100,-100}",天降辰星丑牛
130043,"{0.9,0.8,0.8,0.8,0.8,0.8,0.8,0.8,0.8,0.8}","{0.8,0.7,0.7,0.7,0.7,0.7,0.7,0.7,0.7,0.7,0.7}","{6,4,4,4,4,4,4,4,4,4}","{0.9,0.9,0.9,0.9,0.9,0.9,0.9,0.9,0.9,0.9}","{0,0,0,0,0,0,0,0,0,0}","{0,0,0,0,0,0,0,0,0,0}","{100,100,100,100,100,100,100,100,100,100}","{-100,-100,-100,-100,-100,-100,-100,-100,-100,-100}",天降辰星寅虎
130044,"{0.9,0.8,0.8,0.8,0.8,0.8,0.8,0.8,0.8,0.8}","{0.8,0.7,0.7,0.7,0.7,0.7,0.7,0.7,0.7,0.7,0.7}","{7,5,5,5,5,5,5,5,5,5}","{1,0.9,0.9,0.9,0.9,0.9,0.9,0.9,0.9,0.9}","{0,0,0,0,0,0,0,0,0,0}","{0,0,0,0,0,0,0,0,0,0}","{100,100,100,100,100,100,100,100,100,100}","{-100,-100,-100,-100,-100,-100,-100,-100,-100,-100}",天降辰星卯兔
130045,"{0.9,0.8,0.8,0.8,0.8,0.8,0.8,0.8,0.8,0.8}","{0.8,0.7,0.7,0.7,0.7,0.7,0.7,0.7,0.7,0.7,0.7}","{6,4,4,4,4,4,4,4,4,4}","{1,0.9,0.9,0.9,0.9,0.9,0.9,0.9,0.9,0.9}","{0,0,0,0,0,0,0,0,0,0}","{0,0,0,0,0,0,0,0,0,0}","{100,100,100,100,100,100,100,100,100,100}","{-100,-100,-100,-100,-100,-100,-100,-100,-100,-100}",天降辰星辰龙
130046,"{0.9,0.8,0.8,0.8,0.8,0.8,0.8,0.8,0.8,0.8}","{0.8,0.7,0.7,0.7,0.7,0.7,0.7,0.7,0.7,0.7,0.7}","{7,5,5,5,5,5,5,5,5,5}","{1,0.9,0.9,0.9,0.9,0.9,0.9,0.9,0.9,0.9}","{0,0,0,0,0,0,0,0,0,0}","{0,0,0,0,0,0,0,0,0,0}","{100,100,100,100,100,100,100,100,100,100}","{-100,-100,-100,-100,-100,-100,-100,-100,-100,-100}",天降辰星巳蛇
130047,"{0.9,0.8,0.8,0.8,0.8,0.8,0.8,0.8,0.8,0.8}","{0.8,0.7,0.7,0.7,0.7,0.7,0.7,0.7,0.7,0.7,0.7}","{6,4,4,4,4,4,4,4,4,4}","{1,0.9,0.9,0.9,0.9,0.9,0.9,0.9,0.9,0.9}","{0,0,0,0,0,0,0,0,0,0}","{0,0,0,0,0,0,0,0,0,0}","{100,100,100,100,100,100,100,100,100,100}","{-100,-100,-100,-100,-100,-100,-100,-100,-100,-100}",天降辰星午马
130048,"{1.1,1.1,1.1}","{1,1,1}","{10,10,10}","{1,1,1}","{0,0,0,0,0,0,0,0,0,0}","{0,0,0,0,0,0,0,0,0,0}","{100,100,100,100,100,100,100,100,100,100}","{-100,-100,-100,-100,-100,-100,-100,-100,-100,-100}",天降辰星未羊
130049,{1.3},{1.3},{13},{1.3},"{0,0,0,0,0,0,0,0,0,0}","{0,0,0,0,0,0,0,0,0,0}","{100,100,100,100,100,100,100,100,100,100}","{-100,-100,-100,-100,-100,-100,-100,-100,-100,-100}",天降辰星申猴
130050,"{0.9,0.8,0.8,0.8,0.8,0.8,0.8,0.8,0.8,0.8}","{0.8,0.7,0.7,0.7,0.7,0.7,0.7,0.7,0.7,0.7,0.7}","{6,4,4,4,4,4,4,4,4,4}","{1,0.9,0.9,0.9,0.9,0.9,0.9,0.9,0.9,0.9}","{0,0,0,0,0,0,0,0,0,0}","{0,0,0,0,0,0,0,0,0,0}","{100,100,100,100,100,100,100,100,100,100}","{-100,-100,-100,-100,-100,-100,-100,-100,-100,-100}",天降辰星酉鸡
130051,"{0.9,0.8,0.8,0.8,0.8,0.8,0.8,0.8,0.8,0.8}","{0.8,0.7,0.7,0.7,0.7,0.7,0.7,0.7,0.7,0.7,0.7}","{6,4,4,4,4,4,4,4,4,4}","{1,0.9,0.9,0.9,0.9,0.9,0.9,0.9,0.9,0.9}","{0,0,0,0,0,0,0,0,0,0}","{0,0,0,0,0,0,0,0,0,0}","{100,100,100,100,100,100,100,100,100,100}","{-100,-100,-100,-100,-100,-100,-100,-100,-100,-100}",天降辰星戌犬
130052,"{0.9,0.8,0.8,0.8,0.8,0.8,0.8,0.8,0.8,0.8}","{0.8,0.7,0.7,0.7,0.7,0.7,0.7,0.7,0.7,0.7,0.7}","{6,4,4,4,4,4,4,4,4,4}","{1,0.9,0.9,0.9,0.9,0.9,0.9,0.9,0.9,0.9}","{0,0,0,0,0,0,0,0,0,0}","{0,0,0,0,0,0,0,0,0,0}","{100,100,100,100,100,100,100,100,100,100}","{-100,-100,-100,-100,-100,-100,-100,-100,-100,-100}",天降辰星亥猪
130053,"{0.8,0.7,0.7,0.7,0.7,0.7,0.7,0.7,0.7,0.7}","{0.7,0.6,0.6,0.6,0.6,0.6,0.6,0.6,0.6,0.6}","{6,3,3,3,3,3,3,3,3,3}","{0.9,0.8,0.8,0.8,0.8,0.8,0.8,0.8,0.8,0.8}","{0,0,0,0,0,0,0,0,0,0}","{0,0,0,0,0,0,0,0,0,0}","{100,100,100,100,100,100,100,100,100,100}","{-100,-100,-100,-100,-100,-100,-100,-100,-100,-100}",入侵者
130054,"{0.9,0.8,0.8,0.8,0.8,0.8,0.8,0.8,0.8,0.8}","{0.8,0.7,0.7,0.7,0.7,0.7,0.7,0.7,0.7,0.7,0.7}","{6,4,4,4,4,4,4,4,4,4}","{1,0.9,0.9,0.9,0.9,0.9,0.9,0.9,0.9,0.9}","{0,0,0,0,0,0,0,0,0,0}","{0,0,0,0,0,0,0,0,0,0}","{100,100,100,100,100,100,100,100,100,100}","{-100,-100,-100,-100,-100,-100,-100,-100,-100,-100}",秽气妖
130055,"{0.9,0.8,0.8,0.8,0.8,0.8,0.8,0.8,0.8,0.8}","{0.8,0.7,0.7,0.7,0.7,0.7,0.7,0.7,0.7,0.7,0.7}","{7,5,5,5,5,5,5,5,5,5}","{1,0.9,0.9,0.9,0.9,0.9,0.9,0.9,0.9,0.9}","{0,0,0,0,0,0,0,0,0,0}","{0,0,0,0,0,0,0,0,0,0}","{100,100,100,100,100,100,100,100,100,100}","{-100,-100,-100,-100,-100,-100,-100,-100,-100,-100}",天才阵眼
130056,"{0.9,0.8,0.8,0.8,0.8,0.8,0.8,0.8,0.8,0.8}","{0.8,0.7,0.7,0.7,0.7,0.7,0.7,0.7,0.7,0.7,0.7}","{7,5,5,5,5,5,5,5,5,5}","{1,0.9,0.9,0.9,0.9,0.9,0.9,0.9,0.9,0.9}","{0,0,0,0,0,0,0,0,0,0}","{0,0,0,0,0,0,0,0,0,0}","{100,100,100,100,100,100,100,100,100,100}","{-100,-100,-100,-100,-100,-100,-100,-100,-100,-100}",地才阵眼
130057,"{0.9,0.8,0.8,0.8,0.8,0.8,0.8,0.8,0.8,0.8}","{0.8,0.7,0.7,0.7,0.7,0.7,0.7,0.7,0.7,0.7,0.7}","{7,5,5,5,5,5,5,5,5,5}","{1,0.9,0.9,0.9,0.9,0.9,0.9,0.9,0.9,0.9}","{0,0,0,0,0,0,0,0,0,0}","{0,0,0,0,0,0,0,0,0,0}","{100,100,100,100,100,100,100,100,100,100}","{-100,-100,-100,-100,-100,-100,-100,-100,-100,-100}",人才阵眼
130058,"{1,0.9,0.9,0.9,0.9,0.9,0.9,0.9,0.9,0.9}","{0.9,0.8,0.8,0.8,0.8,0.8,0.8,0.8,0.8,0.8,0.8}","{8,5,5,5,5,5,5,5,5,5}","{1.1,1,1,1,1,1,1,1,1,1}","{0,0,0,0,0,0,0,0,0,0}","{0,0,0,0,0,0,0,0,0,0}","{100,100,100,100,100,100,100,100,100,100}","{-100,-100,-100,-100,-100,-100,-100,-100,-100,-100}",天才
130059,"{1,0.9,0.9,0.9,0.9,0.9,0.9,0.9,0.9,0.9}","{0.9,0.8,0.8,0.8,0.8,0.8,0.8,0.8,0.8,0.8,0.8}","{8,5,5,5,5,5,5,5,5,5}","{1.1,1,1,1,1,1,1,1,1,1}","{0,0,0,0,0,0,0,0,0,0}","{0,0,0,0,0,0,0,0,0,0}","{100,100,100,100,100,100,100,100,100,100}","{-100,-100,-100,-100,-100,-100,-100,-100,-100,-100}",地才
130060,"{1,0.9,0.9,0.9,0.9,0.9,0.9,0.9,0.9,0.9}","{0.9,0.8,0.8,0.8,0.8,0.8,0.8,0.8,0.8,0.8,0.8}","{8,5,5,5,5,5,5,5,5,5}","{1.1,1,1,1,1,1,1,1,1,1}","{0,0,0,0,0,0,0,0,0,0}","{0,0,0,0,0,0,0,0,0,0}","{100,100,100,100,100,100,100,100,100,100}","{-100,-100,-100,-100,-100,-100,-100,-100,-100,-100}",人才
130061,"{1.1,1,1,1,1,1,1,1,1,1}","{1,0.9,0.9,0.9,0.9,0.9,0.9,0.9,0.9,0.9,0.9}","{12,8,8,8,8,8,8,8,8,8}","{1.2,1.1,1.1,1.1,1.1,1.1,1.1,1.1,1.1,1.1}","{0,0,0,0,0,0,0,0,0,0}","{0,0,0,0,0,0,0,0,0,0}","{100,100,100,100,100,100,100,100,100,100}","{-100,-100,-100,-100,-100,-100,-100,-100,-100,-100}",劳释道人
130062,"{0.9,0.8,0.8,0.8,0.8,0.8,0.8,0.8,0.8,0.8}","{0.8,0.7,0.7,0.7,0.7,0.7,0.7,0.7,0.7,0.7,0.7}","{7,5,5,5,5,5,5,5,5,5}","{1,0.9,0.9,0.9,0.9,0.9,0.9,0.9,0.9,0.9}","{0,0,0,0,0,0,0,0,0,0}","{0,0,0,0,0,0,0,0,0,0}","{100,100,100,100,100,100,100,100,100,100}","{-100,-100,-100,-100,-100,-100,-100,-100,-100,-100}",秽气源头
130063,"{1.1,1,1,1,1,1,1,1,1,1}","{1,0.9,0.9,0.9,0.9,0.9,0.9,0.9,0.9,0.9,0.9}","{12,8,8,8,8,8,8,8,8,8}","{1.2,1.1,1.1,1.1,1.1,1.1,1.1,1.1,1.1,1.1}","{0,0,0,0,0,0,0,0,0,0}","{0,0,0,0,0,0,0,0,0,0}","{100,100,100,100,100,100,100,100,100,100}","{-100,-100,-100,-100,-100,-100,-100,-100,-100,-100}",金龙
130064,"{0.8,0.7,0.7,0.7,0.7,0.7,0.7,0.7,0.7,0.7}","{0.6,0.6,0.6,0.6,0.6,0.6,0.6,0.6,0.6,0.6,0.6}","{4,3,3,3,3,3,3,3,3,3}","{0.9,0.8,0.8,0.8,0.8,0.8,0.8,0.8,0.8,0.8}","{0,0,0,0,0,0,0,0,0,0}","{0,0,0,0,0,0,0,0,0,0}","{100,100,100,100,100,100,100,100,100,100}","{-100,-100,-100,-100,-100,-100,-100,-100,-100,-100}",初出江湖
130066,"{0.8,0.7,0.7,0.7,0.7,0.7,0.7,0.7,0.7,0.7}","{0.7,0.6,0.6,0.6,0.6,0.6,0.6,0.6,0.6,0.6}","{6,5,5,5,5,4,4,4,4,4}","{0.9,0.8,0.8,0.8,0.8,0.8,0.8,0.8,0.8,0.8}","{0,0,0,0,0,0,0,0,0,0}","{0,0,0,0,0,0,0,0,0,0}","{100,100,100,100,100,100,100,100,100,100}","{-100,-100,-100,-100,-100,-100,-100,-100,-100,-100}",投放怪_小钻风
130067,"{0.8,0.7,0.7,0.7,0.7,0.7,0.7,0.7,0.7,0.7}","{0.7,0.6,0.6,0.6,0.6,0.6,0.6,0.6,0.6,0.6}","{6,5,5,5,5,4,4,4,4,4}","{0.9,0.8,0.8,0.8,0.8,0.8,0.8,0.8,0.8,0.8}","{0,0,0,0,0,0,0,0,0,0}","{0,0,0,0,0,0,0,0,0,0}","{100,100,100,100,100,100,100,100,100,100}","{-100,-100,-100,-100,-100,-100,-100,-100,-100,-100}",投放怪_奔波儿灞
130068,"{0.8,0.7,0.7,0.7,0.7,0.7,0.7,0.7,0.7,0.7}","{0.7,0.6,0.6,0.6,0.6,0.6,0.6,0.6,0.6,0.6}","{6,5,5,5,5,4,4,4,4,4}","{0.9,0.8,0.8,0.8,0.8,0.8,0.8,0.8,0.8,0.8}","{0,0,0,0,0,0,0,0,0,0}","{0,0,0,0,0,0,0,0,0,0}","{100,100,100,100,100,100,100,100,100,100}","{-100,-100,-100,-100,-100,-100,-100,-100,-100,-100}",投放怪_其它小怪
130072,"{1.5,1.3,1.3,1.3,1.3,1.3,1.3,1.3,1.3,1.3}","{1.1,1,1,1,1,1,1,1,1,1}","{14,10,10,10,10,10,10,10,10,10}","{1.2,1.1,1.1,1.1,1.1,1.1,1.1,1.1,1.1,1.1}","{3,3,3,3,3,3,3,3,3,3}","{4,3,3,3,3,3,3,3,3,3,3}","{100,100,100,100,100,100,100,100,100,100}","{-100,-100,-100,-100,-100,-100,-100,-100,-100,-100}",投放怪_白骨精
130073,"{1.9,1.75,1.75,1.75,1.75,1.75,1.75,1.75,1.75,1.75}","{1.5,1.3,1.3,1.3,1.3,1.3,1.3,1.3,1.3,1.3}","{22,17,17,17,17,17,17,17,17,17}","{1.4,1.3,1.3,1.3,1.3,1.3,1.3,1.3,1.3,1.3}","{5,4,4,4,4,4,4,4,4,4}","{4,3,3,3,3,3,3,3,3,3,3}","{100,100,100,100,100,100,100,100,100,100}","{-100,-100,-100,-100,-100,-100,-100,-100,-100,-100}",投放怪_大大王
130074,"{1.9,1.75,1.75,1.75,1.75,1.75,1.75,1.75,1.75,1.75}","{1.5,1.3,1.3,1.3,1.3,1.3,1.3,1.3,1.3,1.3}","{22,17,17,17,17,17,17,17,17,17}","{1.4,1.3,1.3,1.3,1.3,1.3,1.3,1.3,1.3,1.3}","{5,4,4,4,4,4,4,4,4,4}","{4,3,3,3,3,3,3,3,3,3,3}","{100,100,100,100,100,100,100,100,100,100}","{-100,-100,-100,-100,-100,-100,-100,-100,-100,-100}",投放怪_二大王
130075,"{1.9,1.75,1.75,1.75,1.75,1.75,1.75,1.75,1.75,1.75}","{1.5,1.3,1.3,1.3,1.3,1.3,1.3,1.3,1.3,1.3}","{22,17,17,17,17,17,17,17,17,17}","{1.4,1.3,1.3,1.3,1.3,1.3,1.3,1.3,1.3,1.3}","{5,4,4,4,4,4,4,4,4,4}","{4,3,3,3,3,3,3,3,3,3,3}","{100,100,100,100,100,100,100,100,100,100}","{-100,-100,-100,-100,-100,-100,-100,-100,-100,-100}",投放怪_三大王
130076,"{1.7,1.6,1.6,1.6,1.6,1.6,1.6,1.6,1.6,1.6,1.6}","{1.2,1.1,1.1,1.1,1.1,1.1,1.1,1.1,1.1,1.1}","{14,10,10,10,10,10,10,10,10,10}","{1.2,1.1,1.1,1.1,1.1,1.1,1.1,1.1,1.1,1.1}","{5,4,4,4,4,4,4,4,4,4}","{4,4,4,4,4,4,4,4,4,4}","{100,100,100,100,100,100,100,100,100,100}","{-100,-100,-100,-100,-100,-100,-100,-100,-100,-100}",投放怪_冒牌小白龙
130077,"{1.7,1.6,1.6,1.6,1.6,1.6,1.6,1.6,1.6,1.6,1.6}","{1.3,1.15,1.15,1.15,1.15,1.15,1.15,1.15,1.15,1.15}","{15,12,12,12,12,12,12,12,12,12}","{1.2,1.1,1.1,1.1,1.1,1.1,1.1,1.1,1.1,1.1}","{5,4,4,4,4,4,4,4,4,4}","{4,4,4,4,4,4,4,4,4,4}","{100,100,100,100,100,100,100,100,100,100}","{-100,-100,-100,-100,-100,-100,-100,-100,-100,-100}",投放怪_冒牌沙僧
130078,"{1.7,1.6,1.6,1.6,1.6,1.6,1.6,1.6,1.6,1.6,1.6}","{1.4,1.2,1.2,1.2,1.2,1.2,1.2,1.2,1.2,1.2}","{16,13,13,13,13,13,13,13,13,13,13}","{1.4,1.3,1.3,1.3,1.3,1.3,1.3,1.3,1.3,1.3}","{5,4,4,4,4,4,4,4,4,4}","{4,4,4,4,4,4,4,4,4,4}","{100,100,100,100,100,100,100,100,100,100}","{-100,-100,-100,-100,-100,-100,-100,-100,-100,-100}",投放怪_冒牌猪八戒
130079,"{1.7,1.6,1.6,1.6,1.6,1.6,1.6,1.6,1.6,1.6,1.6}","{1.5,1.3,1.3,1.3,1.3,1.3,1.3,1.3,1.3,1.3}","{22,17,17,17,17,17,17,17,17,17}","{1.5,1.35,1.35,1.35,1.35,1.35,1.35,1.35,1.35,1.35}","{5,4,4,4,4,4,4,4,4,4}","{5,5,5,5,5,5,5,5,5,5}","{100,100,100,100,100,100,100,100,100,100}","{-100,-100,-100,-100,-100,-100,-100,-100,-100,-100}",投放怪_冒牌大圣
130080,"{1.7,1.6,1.6,1.6,1.6,1.6,1.6,1.6,1.6,1.6,1.6}","{1.5,1.3,1.3,1.3,1.3,1.3,1.3,1.3,1.3,1.3}","{24,18,18,18,18,18,18,18,18,18}","{1.5,1.35,1.35,1.35,1.35,1.35,1.35,1.35,1.35,1.35}","{5,4,4,4,4,4,4,4,4,4}","{5,5,5,5,5,5,5,5,5,5}","{100,100,100,100,100,100,100,100,100,100}","{-100,-100,-100,-100,-100,-100,-100,-100,-100,-100}",投放怪_冒牌唐僧
130081,"{1.8,1.7,1.7,1.7,1.7,1.7,1.7,1.7,1.7,1.7}","{1.5,1.4,1.4,1.4,1.4,1.4,1.4,1.4,1.4,1.4}","{26,21,21,21,21,21,21,21,21,21}","{1.6,1.4,1.4,1.4,1.4,1.4,1.4,1.4,1.4,1.4}","{5,4,4,4,4,4,4,4,4,4}","{5,5,5,5,5,5,5,5,5,5}","{100,100,100,100,100,100,100,100,100,100}","{-100,-100,-100,-100,-100,-100,-100,-100,-100,-100}",投放怪_六耳猕猴
130082,"{2,1.8,1.8,1.8,1.8,1.8,1.8,1.8,1.8,1.8}","{1.5,1.4,1.4,1.4,1.4,1.4,1.4,1.4,1.4,1.4}","{30,23,23,23,23,23,23,23,23,23}","{1.6,1.4,1.4,1.4,1.4,1.4,1.4,1.4,1.4,1.4}","{5,4,4,4,4,4,4,4,4,4}","{5,5,5,5,5,5,5,5,5,5}","{200,200,200,200,200,200,200,200,200,200}","{-100,-100,-100,-100,-100,-100,-100,-100,-100,-100}",投放怪_是俺老孙
130083,"{0.9,0.8,0.8,0.8,0.8,0.8,0.8,0.8,0.8,0.8}","{0.8,0.7,0.7,0.7,0.7,0.7,0.7,0.7,0.7,0.7,0.7}","{8,5,5,5,5,5,5,5,5,5}","{1,0.9,0.9,0.9,0.9,0.9,0.9,0.9,0.9,0.9}","{0,0,0,0,0,0,0,0,0,0}","{0,0,0,0,0,0,0,0,0,0}","{100,100,100,100,100,100,100,100,100,100}","{-100,-100,-100,-100,-100,-100,-100,-100,-100,-100}",伐木工
130084,"{0.9,0.8,0.8,0.8,0.8,0.8,0.8,0.8,0.8,0.8}","{0.8,0.7,0.7,0.7,0.7,0.7,0.7,0.7,0.7,0.7,0.7}","{8,5,5,5,5,5,5,5,5,5}","{1,0.9,0.9,0.9,0.9,0.9,0.9,0.9,0.9,0.9}","{0,0,0,0,0,0,0,0,0,0}","{0,0,0,0,0,0,0,0,0,0}","{100,100,100,100,100,100,100,100,100,100}","{-100,-100,-100,-100,-100,-100,-100,-100,-100,-100}",伐木兔子
130085,"{1,0.9,0.9,0.9,0.9,0.9,0.9,0.9,0.9,0.9}","{0.9,0.8,0.8,0.8,0.8,0.8,0.8,0.8,0.8,0.8,0.8}","{8,5,5,5,5,5,5,5,5,5}","{1.1,1,1,1,1,1,1,1,1,1}","{0,0,0,0,0,0,0,0,0,0}","{0,0,0,0,0,0,0,0,0,0}","{100,100,100,100,100,100,100,100,100,100}","{-100,-100,-100,-100,-100,-100,-100,-100,-100,-100}",夺旗守卫
130086,"{1.5,1.3,1.3,1.3,1.3,1.3,1.3,1.3,1.3,1.3}","{1.1,1,1,1,1,1,1,1,1,1}","{14,10,10,10,10,10,10,10,10,10}","{1.2,1.1,1.1,1.1,1.1,1.1,1.1,1.1,1.1,1.1}","{3,3,3,3,3,3,3,3,3,3}","{4,3,3,3,3,3,3,3,3,3,3}","{100,100,100,100,100,100,100,100,100,100}","{-100,-100,-100,-100,-100,-100,-100,-100,-100,-100}",帮战夺旗棋子
130087,"{0.9,0.8,0.8,0.8,0.8,0.8,0.8,0.8,0.8,0.8}","{0.8,0.7,0.7,0.7,0.7,0.7,0.7,0.7,0.7,0.7,0.7}","{8,6,6,6,6,6,6,6,6,6}","{1,0.9,0.9,0.9,0.9,0.9,0.9,0.9,0.9,0.9}","{1,1,1,1,1,1,1,1,1,1}","{0,0,0,0,0,0,0,0,0,0}","{100,100,100,100,100,100,100,100,100,100}","{-100,-100,-100,-100,-100,-100,-100,-100,-100,-100}",保卫长安_先锋
130088,"{1.2,1.1,1.1,1.1,1.1,1.1,1.1,1.1,1.1,1.1}","{1,0.9,0.9,0.9,0.9,0.9,0.9,0.9,0.9,0.9}","{11,9,9,9,9,9,9,9,9,9}","{1.1,1,1,1,1,1,1,1,1,1}","{1,1,1,1,1,1,1,1,1,1}","{0,0,0,0,0,0,0,0,0,0}","{100,100,100,100,100,100,100,100,100,100}","{-100,-100,-100,-100,-100,-100,-100,-100,-100,-100}",保卫长安_头目
130089,"{1.7,1.5,1.5,1.5,1.5,1.5,1.5,1.5,1.5,1.5}","{1.4,1.3,1.3,1.3,1.3,1.3,1.3,1.3,1.3,1.3,1.3}","{19,16,16,16,16,16,16,16,16,16}","{1.4,1.3,1.3,1.3,1.3,1.3,1.3,1.3,1.3,1.3}","{2,2,2,2,2,2,2,2,2,2}","{0,0,0,0,0,0,0,0,0,0}","{100,100,100,100,100,100,100,100,100,100}","{-100,-100,-100,-100,-100,-100,-100,-100,-100,-100}",保卫长安_大王
130090,"{1.7,1.5,1.5,1.5,1.5,1.5,1.5,1.5,1.5,1.5}","{1.4,1.3,1.3,1.3,1.3,1.3,1.3,1.3,1.3,1.3,1.3}","{23,18,18,18,18,18,18,18,18,18}","{1.4,1.3,1.3,1.3,1.3,1.3,1.3,1.3,1.3,1.3}","{3,3,3,3,3,3,3,3,3,3}","{2,2,2,2,2,2,2,2,2,2,2}","{100,100,100,100,100,100,100,100,100,100}","{-100,-100,-100,-100,-100,-100,-100,-100,-100,-100}",保卫长安_魑
130091,"{1.7,1.5,1.5,1.5,1.5,1.5,1.5,1.5,1.5,1.5}","{1.4,1.3,1.3,1.3,1.3,1.3,1.3,1.3,1.3,1.3,1.3}","{23,18,18,18,18,18,18,18,18,18}","{1.4,1.3,1.3,1.3,1.3,1.3,1.3,1.3,1.3,1.3}","{3,3,3,3,3,3,3,3,3,3}","{2,2,2,2,2,2,2,2,2,2,2}","{100,100,100,100,100,100,100,100,100,100}","{-100,-100,-100,-100,-100,-100,-100,-100,-100,-100}",保卫长安_魅
130092,"{1.7,1.5,1.5,1.5,1.5,1.5,1.5,1.5,1.5,1.5}","{1.4,1.3,1.3,1.3,1.3,1.3,1.3,1.3,1.3,1.3,1.3}","{23,18,18,18,18,18,18,18,18,18}","{1.4,1.3,1.3,1.3,1.3,1.3,1.3,1.3,1.3,1.3}","{3,3,3,3,3,3,3,3,3,3}","{3,2,2,2,2,2,2,2,2,2,2}","{100,100,100,100,100,100,100,100,100,100}","{-100,-100,-100,-100,-100,-100,-100,-100,-100,-100}",保卫长安_魍
130093,"{1.7,1.5,1.5,1.5,1.5,1.5,1.5,1.5,1.5,1.5}","{1.4,1.3,1.3,1.3,1.3,1.3,1.3,1.3,1.3,1.3,1.3}","{23,18,18,18,18,18,18,18,18,18}","{1.4,1.3,1.3,1.3,1.3,1.3,1.3,1.3,1.3,1.3}","{3,3,3,3,3,3,3,3,3,3}","{2,2,2,2,2,2,2,2,2,2,2}","{100,100,100,100,100,100,100,100,100,100}","{-100,-100,-100,-100,-100,-100,-100,-100,-100,-100}",保卫长安_魉
130094,"{1.7,1.6,1.6,1.6,1.6,1.6,1.6,1.6,1.6,1.6}","{1.5,1.4,1.4,1.4,1.4,1.4,1.4,1.4,1.4,1.4}","{25,19,19,19,19,19,19,19,19,19}","{1.4,1.3,1.3,1.3,1.3,1.3,1.3,1.3,1.3,1.3}","{3,3,3,3,3,3,3,3,3,3}","{4,2,2,2,2,2,2,2,2,2,2}","{100,100,100,100,100,100,100,100,100,100}","{-100,-100,-100,-100,-100,-100,-100,-100,-100,-100}",保卫长安_鼍龙
130095,"{1.7,1.6,1.6,1.6,1.6,1.6,1.6,1.6,1.6,1.6}","{1.5,1.4,1.4,1.4,1.4,1.4,1.4,1.4,1.4,1.4}","{25,19,19,19,19,19,19,19,19,19}","{1.4,1.3,1.3,1.3,1.3,1.3,1.3,1.3,1.3,1.3}","{4,3,3,3,3,3,3,3,3,3}","{4,2,2,2,2,2,2,2,2,2,2}","{100,100,100,100,100,100,100,100,100,100}","{-100,-100,-100,-100,-100,-100,-100,-100,-100,-100}",保卫长安_兕怪
130096,"{1.9,1.6,1.6,1.6,1.6,1.6,1.6,1.6,1.6,1.6}","{1.5,1.5,1.5,1.5,1.5,1.5,1.5,1.5,1.5,1.5}","{24,20,20,20,20,20,20,20,20,20}","{1.5,1.3,1.3,1.3,1.3,1.3,1.3,1.3,1.3,1.3}","{4,3,3,3,3,3,3,3,3,3}","{5,2,2,2,2,2,2,2,2,2,2}","{100,100,100,100,100,100,100,100,100,100}","{-100,-100,-100,-100,-100,-100,-100,-100,-100,-100}",保卫长安_振威大王
190001,"{0.9,0.8,0.8,0.8,0.8,0.8,0.8,0.8,0.8,0.8}","{0.8,0.7,0.7,0.7,0.7,0.7,0.7,0.7,0.7,0.7,0.7}","{9,7,7,7,7,7,7,7,7,7}","{1,0.9,0.9,0.9,0.9,0.9,0.9,0.9,0.9,0.9}","{0,0,0,0,0,0,0,0,0,0}","{0,0,0,0,0,0,0,0,0,0}","{100,100,100,100,100,100,100,100,100,100}","{-100,-100,-100,-100,-100,-100,-100,-100,-100,-100}",五更寒慧明长老
190002,"{0.9,0.8,0.8,0.8,0.8,0.8,0.8,0.8,0.8,0.8}","{0.8,0.7,0.7,0.7,0.7,0.7,0.7,0.7,0.7,0.7,0.7}","{9,7,7,7,7,7,7,7,7,7}","{1,0.9,0.9,0.9,0.9,0.9,0.9,0.9,0.9,0.9}","{0,0,0,0,0,0,0,0,0,0}","{0,0,0,0,0,0,0,0,0,0}","{100,100,100,100,100,100,100,100,100,100}","{-100,-100,-100,-100,-100,-100,-100,-100,-100,-100}",五更寒小鱼儿
190003,"{1,0.9,0.9,0.9,0.9,0.9,0.9,0.9,0.9,0.9}","{0.9,0.8,0.8,0.8,0.8,0.8,0.8,0.8,0.8,0.8,0.8}","{10,8,8,8,8,8,8,8,8,8}","{1.1,1,1,1,1,1,1,1,1,1}","{5,4,4,4,4,4,4,4,4,4}","{4,3,3,3,3,3,3,3,3,3,3}","{100,100,100,100,100,100,100,100,100,100}","{-100,-100,-100,-100,-100,-100,-100,-100,-100,-100}",五更寒魔化村民赌徒
190004,"{1,0.9,0.9,0.9,0.9,0.9,0.9,0.9,0.9,0.9}","{0.9,0.8,0.8,0.8,0.8,0.8,0.8,0.8,0.8,0.8,0.8}","{10,8,8,8,8,8,8,8,8,8}","{1.1,1,1,1,1,1,1,1,1,1}","{5,4,4,4,4,4,4,4,4,4}","{4,3,3,3,3,3,3,3,3,3,3}","{100,100,100,100,100,100,100,100,100,100}","{-100,-100,-100,-100,-100,-100,-100,-100,-100,-100}",五更寒魔化村民山贼
190005,"{1,0.9,0.9,0.9,0.9,0.9,0.9,0.9,0.9,0.9}","{0.9,0.8,0.8,0.8,0.8,0.8,0.8,0.8,0.8,0.8,0.8}","{10,8,8,8,8,8,8,8,8,8}","{1.1,1.1,1.1,1.1,1.1,1.1,1.1,1.1,1.1,1.1}","{5,4,4,4,4,4,4,4,4,4}","{4,3,3,3,3,3,3,3,3,3,3}","{100,100,100,100,100,100,100,100,100,100}","{-100,-100,-100,-100,-100,-100,-100,-100,-100,-100}",五更寒魔化村民夜叉
190006,"{1.2,1.1,1.1,1.1,1.1,1.1,1.1,1.1,1.1,1.1}","{1,0.9,0.9,0.9,0.9,0.9,0.9,0.9,0.9,0.9,0.9}","{17,14,14,14,14,14,14,14,14,14}","{1.4,1.3,1.3,1.3,1.3,1.3,1.3,1.3,1.3,1.3}","{5,4,4,4,4,4,4,4,4,4}","{4,3,3,3,3,3,3,3,3,3,3}","{500,100,100,100,100,100,100,100,100,100}","{-100,-100,-100,-100,-100,-100,-100,-100,-100,-100}",五更寒魔化村长
190007,"{1.3,1.2,1.2,1.2,1.2,1.2,1.2,1.2,1.2,1.2}","{1.1,1,1,1,1,1,1,1,1,1}","{18,15,15,15,15,15,15,15,15,15}","{1.4,1.3,1.3,1.3,1.3,1.3,1.3,1.3,1.3,1.3}","{5,4,4,4,4,4,4,4,4,4}","{4,3,3,3,3,3,3,3,3,3,3}","{100,100,100,100,100,100,100,100,100,100}","{-100,-100,-100,-100,-100,-100,-100,-100,-100,-100}",五更寒八足海妖
190101,"{0.9,0.8,0.8,0.8,0.8,0.8,0.8,0.8,0.8,0.8}","{0.8,0.7,0.7,0.7,0.7,0.7,0.7,0.7,0.7,0.7,0.7}","{9,7,7,7,7,7,7,7,7,7}","{1,0.9,0.9,0.9,0.9,0.9,0.9,0.9,0.9,0.9}","{0,0,0,0,0,0,0,0,0,0}","{0,0,0,0,0,0,0,0,0,0}","{100,100,100,100,100,100,100,100,100,100}","{-100,-100,-100,-100,-100,-100,-100,-100,-100,-100}",一斛珠鸾儿
190102,"{1,0.9,0.9,0.9,0.9,0.9,0.9,0.9,0.9,0.9}","{0.9,0.8,0.8,0.8,0.8,0.8,0.8,0.8,0.8,0.8,0.8}","{10,8,8,8,8,8,8,8,8,8}","{1.1,1,1,1,1,1,1,1,1,1}","{3,3,3,3,3,3,3,3,3,3}","{4,3,3,3,3,3,3,3,3,3,3}","{100,100,100,100,100,100,100,100,100,100}","{-100,-100,-100,-100,-100,-100,-100,-100,-100,-100}",一斛珠叶夫人
190103,"{1.6,1.5,1.5,1.5,1.5,1.5,1.5,1.5,1.5,1.5}","{1.3,1.15,1.15,1.15,1.15,1.15,1.15,1.15,1.15,1.15}","{15,8,8,8,8,8,8,8,8,8}","{1.1,1,1,1,1,1,1,1,1,1}","{3,3,3,3,3,3,3,3,3,3}","{4,3,3,3,3,3,3,3,3,3,3}","{100,100,100,100,100,100,100,100,100,100}","{-100,-100,-100,-100,-100,-100,-100,-100,-100,-100}",一斛珠官兵
190104,"{1,0.9,0.9,0.9,0.9,0.9,0.9,0.9,0.9,0.9}","{0.9,0.8,0.8,0.8,0.8,0.8,0.8,0.8,0.8,0.8,0.8}","{10,8,8,8,8,8,8,8,8,8}","{1.1,1.1,1.1,1.1,1.1,1.1,1.1,1.1,1.1,1.1}","{3,3,3,3,3,3,3,3,3,3}","{4,3,3,3,3,3,3,3,3,3,3}","{100,100,100,100,100,100,100,100,100,100}","{-100,-100,-100,-100,-100,-100,-100,-100,-100,-100}",一斛珠新郎沈唐
190105,"{1.2,1.1,1.1,1.1,1.1,1.1,1.1,1.1,1.1,1.1}","{1,0.9,0.9,0.9,0.9,0.9,0.9,0.9,0.9,0.9,0.9}","{17,14,14,14,14,14,14,14,14,14}","{1.4,1.3,1.3,1.3,1.3,1.3,1.3,1.3,1.3,1.3}","{3,3,3,3,3,3,3,3,3,3}","{4,3,3,3,3,3,3,3,3,3,3}","{100,100,100,100,100,100,100,100,100,100}","{-100,-100,-100,-100,-100,-100,-100,-100,-100,-100}",一斛珠夜影迷踪
190106,"{1.3,1.2,1.2,1.2,1.2,1.2,1.2,1.2,1.2,1.2}","{1.1,1,1,1,1,1,1,1,1,1}","{18,15,15,15,15,15,15,15,15,15}","{1.4,1.3,1.3,1.3,1.3,1.3,1.3,1.3,1.3,1.3}","{3,3,3,3,3,3,3,3,3,3}","{4,3,3,3,3,3,3,3,3,3,3}","{100,100,100,100,100,100,100,100,100,100}","{-100,-100,-100,-100,-100,-100,-100,-100,-100,-100}",一斛珠沈唐
190201,"{0.9,0.8,0.8,0.8,0.8,0.8,0.8,0.8,0.8,0.8}","{0.8,0.7,0.7,0.7,0.7,0.7,0.7,0.7,0.7,0.7,0.7}","{9,7,7,7,7,7,7,7,7,7}","{1,0.9,0.9,0.9,0.9,0.9,0.9,0.9,0.9,0.9}","{0,0,0,0,0,0,0,0,0,0}","{0,0,0,0,0,0,0,0,0,0}","{100,100,100,100,100,100,100,100,100,100}","{-50,-50,-50,-50,-50,-50,-50,-50,-50,-50}",通天河灵灯
190202,"{1,0.9,0.9,0.9,0.9,0.9,0.9,0.9,0.9,0.9}","{0.9,0.8,0.8,0.8,0.8,0.8,0.8,0.8,0.8,0.8,0.8}","{10,8,8,8,8,8,8,8,8,8}","{1.1,1,1,1,1,1,1,1,1,1}","{5,4,4,4,4,4,4,4,4,4}","{4,3,3,3,3,3,3,3,3,3,3}","{100,100,100,100,100,100,100,100,100,100}","{-50,-50,-50,-50,-50,-50,-50,-50,-50,-50}",通天河善财童子
190203,"{1,0.9,0.9,0.9,0.9,0.9,0.9,0.9,0.9,0.9}","{0.9,0.8,0.8,0.8,0.8,0.8,0.8,0.8,0.8,0.8,0.8}","{10,8,8,8,8,8,8,8,8,8}","{1.1,1,1,1,1,1,1,1,1,1}","{5,4,4,4,4,4,4,4,4,4}","{4,3,3,3,3,3,3,3,3,3,3}","{100,100,100,100,100,100,100,100,100,100}","{-50,-50,-50,-50,-50,-50,-50,-50,-50,-50}",通天河木材
190204,"{1,0.9,0.9,0.9,0.9,0.9,0.9,0.9,0.9,0.9}","{0.9,0.8,0.8,0.8,0.8,0.8,0.8,0.8,0.8,0.8,0.8}","{10,8,8,8,8,8,8,8,8,8}","{1.1,1.1,1.1,1.1,1.1,1.1,1.1,1.1,1.1,1.1}","{5,4,4,4,4,4,4,4,4,4}","{4,3,3,3,3,3,3,3,3,3,3}","{100,100,100,100,100,100,100,100,100,100}","{-50,-50,-50,-50,-50,-50,-50,-50,-50,-50}",通天河金鱼1
190205,"{1.2,1.1,1.1,1.1,1.1,1.1,1.1,1.1,1.1,1.1}","{1,0.9,0.9,0.9,0.9,0.9,0.9,0.9,0.9,0.9,0.9}","{17,14,14,14,14,14,14,14,14,14}","{1.4,1.3,1.3,1.3,1.3,1.3,1.3,1.3,1.3,1.3}","{5,4,4,4,4,4,4,4,4,4}","{4,3,3,3,3,3,3,3,3,3,3}","{500,100,100,100,100,100,100,100,100,100}","{-50,-50,-50,-50,-50,-50,-50,-50,-50,-50}",通天河金鱼2
190206,"{1.3,1.2,1.2,1.2,1.2,1.2,1.2,1.2,1.2,1.2}","{1.1,1,1,1,1,1,1,1,1,1}","{18,15,15,15,15,15,15,15,15,15}","{1.4,1.3,1.3,1.3,1.3,1.3,1.3,1.3,1.3,1.3}","{5,4,4,4,4,4,4,4,4,4}","{4,3,3,3,3,3,3,3,3,3,3}","{100,100,100,100,100,100,100,100,100,100}","{-50,-50,-50,-50,-50,-50,-50,-50,-50,-50}",通天河金鱼3
190207,"{1,0.9,0.9,0.9,0.9,0.9,0.9,0.9,0.9,0.9}","{0.9,0.8,0.8,0.8,0.8,0.8,0.8,0.8,0.8,0.8,0.8}","{10,8,8,8,8,8,8,8,8,8}","{1.1,1,1,1,1,1,1,1,1,1}","{5,4,4,4,4,4,4,4,4,4}","{4,3,3,3,3,3,3,3,3,3,3}","{100,100,100,100,100,100,100,100,100,100}","{-50,-50,-50,-50,-50,-50,-50,-50,-50,-50}",通天河金鱼4
190208,"{1,0.9,0.9,0.9,0.9,0.9,0.9,0.9,0.9,0.9}","{0.9,0.8,0.8,0.8,0.8,0.8,0.8,0.8,0.8,0.8,0.8}","{10,8,8,8,8,8,8,8,8,8}","{1.1,1,1,1,1,1,1,1,1,1}","{5,4,4,4,4,4,4,4,4,4}","{4,3,3,3,3,3,3,3,3,3,3}","{100,100,100,100,100,100,100,100,100,100}","{-50,-50,-50,-50,-50,-50,-50,-50,-50,-50}",通天河金鱼5
190209,"{1,0.9,0.9,0.9,0.9,0.9,0.9,0.9,0.9,0.9}","{0.9,0.8,0.8,0.8,0.8,0.8,0.8,0.8,0.8,0.8,0.8}","{10,8,8,8,8,8,8,8,8,8}","{1.1,1.1,1.1,1.1,1.1,1.1,1.1,1.1,1.1,1.1}","{5,4,4,4,4,4,4,4,4,4}","{4,3,3,3,3,3,3,3,3,3,3}","{100,100,100,100,100,100,100,100,100,100}","{-50,-50,-50,-50,-50,-50,-50,-50,-50,-50}",通天河婴灵
190210,"{1.2,1.1,1.1,1.1,1.1,1.1,1.1,1.1,1.1,1.1}","{1,0.9,0.9,0.9,0.9,0.9,0.9,0.9,0.9,0.9,0.9}","{17,14,14,14,14,14,14,14,14,14}","{1.4,1.3,1.3,1.3,1.3,1.3,1.3,1.3,1.3,1.3}","{5,4,4,4,4,4,4,4,4,4}","{4,3,3,3,3,3,3,3,3,3,3}","{500,100,100,100,100,100,100,100,100,100}","{-50,-50,-50,-50,-50,-50,-50,-50,-50,-50}",通天河冤魂
190211,"{1.3,1.2,1.2,1.2,1.2,1.2,1.2,1.2,1.2,1.2}","{1.1,1,1,1,1,1,1,1,1,1}","{18,15,15,15,15,15,15,15,15,15}","{1.4,1.3,1.3,1.3,1.3,1.3,1.3,1.3,1.3,1.3}","{5,4,4,4,4,4,4,4,4,4}","{4,3,3,3,3,3,3,3,3,3,3}","{100,100,100,100,100,100,100,100,100,100}","{-50,-50,-50,-50,-50,-50,-50,-50,-50,-50}",通天河心
190212,"{1,0.9,0.9,0.9,0.9,0.9,0.9,0.9,0.9,0.9}","{0.9,0.8,0.8,0.8,0.8,0.8,0.8,0.8,0.8,0.8,0.8}","{10,8,8,8,8,8,8,8,8,8}","{1.1,1,1,1,1,1,1,1,1,1}","{5,4,4,4,4,4,4,4,4,4}","{4,3,3,3,3,3,3,3,3,3,3}","{100,100,100,100,100,100,100,100,100,100}","{-50,-50,-50,-50,-50,-50,-50,-50,-50,-50}",通天河肝
190213,"{1,0.9,0.9,0.9,0.9,0.9,0.9,0.9,0.9,0.9}","{0.9,0.8,0.8,0.8,0.8,0.8,0.8,0.8,0.8,0.8,0.8}","{10,8,8,8,8,8,8,8,8,8}","{1.1,1,1,1,1,1,1,1,1,1}","{5,4,4,4,4,4,4,4,4,4}","{4,3,3,3,3,3,3,3,3,3,3}","{100,100,100,100,100,100,100,100,100,100}","{-50,-50,-50,-50,-50,-50,-50,-50,-50,-50}",通天河脾
190214,"{1,0.9,0.9,0.9,0.9,0.9,0.9,0.9,0.9,0.9}","{0.9,0.8,0.8,0.8,0.8,0.8,0.8,0.8,0.8,0.8,0.8}","{10,8,8,8,8,8,8,8,8,8}","{1.1,1.1,1.1,1.1,1.1,1.1,1.1,1.1,1.1,1.1}","{5,4,4,4,4,4,4,4,4,4}","{4,3,3,3,3,3,3,3,3,3,3}","{100,100,100,100,100,100,100,100,100,100}","{-50,-50,-50,-50,-50,-50,-50,-50,-50,-50}",通天河肾
190215,"{1.2,1.1,1.1,1.1,1.1,1.1,1.1,1.1,1.1,1.1}","{1,0.9,0.9,0.9,0.9,0.9,0.9,0.9,0.9,0.9,0.9}","{17,14,14,14,14,14,14,14,14,14}","{1.4,1.3,1.3,1.3,1.3,1.3,1.3,1.3,1.3,1.3}","{5,4,4,4,4,4,4,4,4,4}","{4,3,3,3,3,3,3,3,3,3,3}","{500,100,100,100,100,100,100,100,100,100}","{-50,-50,-50,-50,-50,-50,-50,-50,-50,-50}",通天河肺
190216,"{1.3,1.2,1.2,1.2,1.2,1.2,1.2,1.2,1.2,1.2}","{1.1,1,1,1,1,1,1,1,1,1}","{18,15,15,15,15,15,15,15,15,15}","{1.4,1.3,1.3,1.3,1.3,1.3,1.3,1.3,1.3,1.3}","{5,4,4,4,4,4,4,4,4,4}","{4,3,3,3,3,3,3,3,3,3,3}","{100,100,100,100,100,100,100,100,100,100}","{-50,-50,-50,-50,-50,-50,-50,-50,-50,-50}",通天河灵感元神
190301,"{0.9,0.8,0.8,0.8,0.8,0.8,0.8,0.8,0.8,0.8}","{0.8,0.7,0.7,0.7,0.7,0.7,0.7,0.7,0.7,0.7,0.7}","{9,7,7,7,7,7,7,7,7,7}","{1,0.9,0.9,0.9,0.9,0.9,0.9,0.9,0.9,0.9}","{0,0,0,0,0,0,0,0,0,0}","{0,0,0,0,0,0,0,0,0,0}","{100,100,100,100,100,100,100,100,100,100}","{-100,-100,-100,-100,-100,-100,-100,-100,-100,-100}",双城记黑衣人
190302,"{1,0.9,0.9,0.9,0.9,0.9,0.9,0.9,0.9,0.9}","{0.9,0.8,0.8,0.8,0.8,0.8,0.8,0.8,0.8,0.8,0.8}","{10,8,8,8,8,8,8,8,8,8}","{1.1,1,1,1,1,1,1,1,1,1}","{3,3,3,3,3,3,3,3,3,3}","{4,3,3,3,3,3,3,3,3,3,3}","{100,100,100,100,100,100,100,100,100,100}","{-100,-100,-100,-100,-100,-100,-100,-100,-100,-100}",双城记木头人
190303,"{1,0.9,0.9,0.9,0.9,0.9,0.9,0.9,0.9,0.9}","{0.9,0.8,0.8,0.8,0.8,0.8,0.8,0.8,0.8,0.8,0.8}","{15,8,8,8,8,8,8,8,8,8}","{1.1,1,1,1,1,1,1,1,1,1}","{3,3,3,3,3,3,3,3,3,3}","{4,3,3,3,3,3,3,3,3,3,3}","{100,100,100,100,100,100,100,100,100,100}","{-100,-100,-100,-100,-100,-100,-100,-100,-100,-100}",双城记武教头
190304,"{1,0.9,0.9,0.9,0.9,0.9,0.9,0.9,0.9,0.9}","{0.9,0.8,0.8,0.8,0.8,0.8,0.8,0.8,0.8,0.8,0.8}","{10,8,8,8,8,8,8,8,8,8}","{1.1,1.1,1.1,1.1,1.1,1.1,1.1,1.1,1.1,1.1}","{3,3,3,3,3,3,3,3,3,3}","{4,3,3,3,3,3,3,3,3,3,3}","{100,100,100,100,100,100,100,100,100,100}","{-100,-100,-100,-100,-100,-100,-100,-100,-100,-100}",双城记凌云瀚
190305,"{1.2,1.1,1.1,1.1,1.1,1.1,1.1,1.1,1.1,1.1}","{1,0.9,0.9,0.9,0.9,0.9,0.9,0.9,0.9,0.9,0.9}","{17,14,14,14,14,14,14,14,14,14}","{1.4,1.3,1.3,1.3,1.3,1.3,1.3,1.3,1.3,1.3}","{3,3,3,3,3,3,3,3,3,3}","{4,3,3,3,3,3,3,3,3,3,3}","{100,100,100,100,100,100,100,100,100,100}","{-100,-100,-100,-100,-100,-100,-100,-100,-100,-100}",双城记算筹子
190306,"{1.3,1.2,1.2,1.2,1.2,1.2,1.2,1.2,1.2,1.2}","{1.1,1,1,1,1,1,1,1,1,1}","{18,15,15,15,15,15,15,15,15,15}","{1.4,1.3,1.3,1.3,1.3,1.3,1.3,1.3,1.3,1.3}","{3,3,3,3,3,3,3,3,3,3}","{4,3,3,3,3,3,3,3,3,3,3}","{100,100,100,100,100,100,100,100,100,100}","{-100,-100,-100,-100,-100,-100,-100,-100,-100,-100}",双城记玄机之数
190307,"{1.3,1.2,1.2,1.2,1.2,1.2,1.2,1.2,1.2,1.2}","{1.1,1,1,1,1,1,1,1,1,1}","{18,15,15,15,15,15,15,15,15,15}","{1.4,1.3,1.3,1.3,1.3,1.3,1.3,1.3,1.3,1.3}","{3,3,3,3,3,3,3,3,3,3}","{4,3,3,3,3,3,3,3,3,3,3}","{100,100,100,100,100,100,100,100,100,100}","{-100,-100,-100,-100,-100,-100,-100,-100,-100,-100}",双城记嗜血恶兽
190308,"{1.3,1.2,1.2,1.2,1.2,1.2,1.2,1.2,1.2,1.2}","{1.1,1,1,1,1,1,1,1,1,1}","{18,15,15,15,15,15,15,15,15,15}","{1.4,1.3,1.3,1.3,1.3,1.3,1.3,1.3,1.3,1.3}","{3,3,3,3,3,3,3,3,3,3}","{4,3,3,3,3,3,3,3,3,3,3}","{100,100,100,100,100,100,100,100,100,100}","{-100,-100,-100,-100,-100,-100,-100,-100,-100,-100}",双城记邪影僵尸
190309,"{1.3,1.2,1.2,1.2,1.2,1.2,1.2,1.2,1.2,1.2}","{1.1,1,1,1,1,1,1,1,1,1}","{18,15,15,15,15,15,15,15,15,15}","{1.4,1.3,1.3,1.3,1.3,1.3,1.3,1.3,1.3,1.3}","{3,3,3,3,3,3,3,3,3,3}","{4,3,3,3,3,3,3,3,3,3,3}","{100,100,100,100,100,100,100,100,100,100}","{-100,-100,-100,-100,-100,-100,-100,-100,-100,-100}",双城记迷城祭祀
